Annex II, Sec III - Allergenic Fragrances Banned/Restricted in Toys
Note: Group entries are split in different rows.
Export date: 23/02/2026 15:10:32
Header

"Substance Identifier"	""	



""	""	""	""	""	""	""	""	""	
"Name"	"EC / List no"	"CAS no"	"Application Name"	"CAS"	"Labeling requirement(s)"	"Name"	"Restriction(s)"	"Notes"	
"(-)-Carvone"	"229-352-5"	"6485-40-1"	"Any toys"	"6485-40-1"	"The names of this allergenic fragrance shall be listed on the toy, on an affixed label, on the packaging or in an accompanying leaflet, if added to a toy, as such, at concentrations exceeding 100 mg/kg in the toy or components"	"(-)-Carvone"	""	""	
"(DL)-Limonene"	"205-341-0"	"138-86-3"	"Any toys"	"138-86-3"	"The names of this allergenic fragrance shall be listed on the toy, on an affixed label, on the packaging or in an accompanying leaflet, if added to a toy, as such, at concentrations exceeding 100 mg/kg in the toy or components"	"(DL)-Limonene"	""	""	
"(L)-alpha-Terpineol"	"233-986-8"	"10482-56-1"	"Any toys"	"10482-56-1"	"The names of this allergenic fragrance shall be listed on the toy, on an affixed label, on the packaging or in an accompanying leaflet, if added to a toy, as such, at concentrations exceeding 100 mg/kg in the toy or components"	"(L)-alpha-Terpineol"	""	""	
"(R)-(+)-Camphor"	"207-355-2"	"464-49-3"	"Any toys"	"464-49-3"	"The names of this allergenic fragrance shall be listed on the toy, on an affixed label, on the packaging or in an accompanying leaflet, if added to a toy, as such, at concentrations exceeding 100 mg/kg in the toy or components"	"(R)-(+)-Camphor"	""	""	
"(Z)-1-(2,6,6-Trimethyl-2-cyclohexen-1-yl)-2-butenone;TMCHB;alpha-Damascone"	"245-845-8"	"23726-94-5"	"Any toys"	"23726-94-5"	"The names of this allergenic fragrance shall be listed on the toy, on an affixed label, on the packaging or in an accompanying leaflet, if added to a toy, as such, at concentrations exceeding 100 mg/kg in the toy or components"	"TMCHBalpha-Damascone(Z)-1-(2,6,6-Trimethyl-2-cyclohexen-1-yl)-2-butenone"	""	""	
"1-(1,2,3,4,5,6,7,8-Octahydro-2,3,5,5-tetramethyl-2-naphthyl)ethan-1-one"	"259-175-9"	"54464-59-4"	"Any toys"	"54464-59-4"	"The names of this allergenic fragrance shall be listed on the toy, on an affixed label, on the packaging or in an accompanying leaflet, if added to a toy, as such, at concentrations exceeding 100 mg/kg in the toy or components"	"1-(1,2,3,4,5,6,7,8-Octahydro-2,3,5,5-tetramethyl-2-naphthyl)ethan-1-one"	""	""	
"1-(1,2,3,4,5,6,7,8-Octahydro-2,3,8,8-tetramethyl-2-naphthalenyl)ethanone"	"259-174-3"	"54464-57-2"	"Any toys"	"54464-57-2"	"The names of this allergenic fragrance shall be listed on the toy, on an affixed label, on the packaging or in an accompanying leaflet, if added to a toy, as such, at concentrations exceeding 100 mg/kg in the toy or components"	"1-(1,2,3,4,5,6,7,8-Octahydro-2,3,8,8-tetramethyl-2-naphthalenyl)ethanone"	""	""	
"1-(2,3,8,8-Tetramethyl-1,2,3,4,6,7,8,8a-octahydronaphthalen-2-yl)ethanone"	"268-979-9"	"68155-67-9"	"Any toys"	"68155-67-9"	"The names of this allergenic fragrance shall be listed on the toy, on an affixed label, on the packaging or in an accompanying leaflet, if added to a toy, as such, at concentrations exceeding 100 mg/kg in the toy or components"	"1-(2,3,8,8-Tetramethyl-1,2,3,4,6,7,8,8a-octahydronaphthalen-2-yl)ethanone"	""	""	
"1-(2,3,8,8-Tetramethyl-1,2,3,5,6,7,8,8a-octahydronaphthalen-2-yl)ethanone"	"268-978-3"	"68155-66-8"	"Any toys"	"68155-66-8"	"The names of this allergenic fragrance shall be listed on the toy, on an affixed label, on the packaging or in an accompanying leaflet, if added to a toy, as such, at concentrations exceeding 100 mg/kg in the toy or components"	"1-(2,3,8,8-Tetramethyl-1,2,3,5,6,7,8,8a-octahydronaphthalen-2-yl)ethanone"	""	""	
"1-(2,6,6-Trimethyl-2-cyclohexen-1-yl)-2-butenone;TMCHB;alpha-Damascone"	"620-558-4"	"43052-87-5"	"Any toys"	"43052-87-5"	"The names of this allergenic fragrance shall be listed on the toy, on an affixed label, on the packaging or in an accompanying leaflet, if added to a toy, as such, at concentrations exceeding 100 mg/kg in the toy or components"	"1-(2,6,6-Trimethyl-2-cyclohexen-1-yl)-2-butenoneTMCHBalpha-Damascone"	""	""	
"1-(p-Methoxyphenyl)-1-penten-3-one"	"203-190-5"	"104-27-8"	"Any toys"	"104-27-8"	""	"1-(p-Methoxyphenyl)-1-penten-3-one"	"Banned"	"However, the presence of traces of these fragrances shall be allowed provided that such presence is technically unavoidable under good manufacturing practice and does not exceed 100 mg/kg"	
"2,4-Dihydroxy-3-methylbenzaldehyde"	"228-369-5"	"6248-20-0"	"Any toys"	"6248-20-0"	""	"2,4-Dihydroxy-3-methylbenzaldehyde"	"Banned"	"However, the presence of traces of these fragrances shall be allowed provided that such presence is technically unavoidable under good manufacturing practice and does not exceed 100 mg/kg"	
"2,6-Dihydroxy-4-methyl-benzaldehyde;Atranol"	"801-750-9"	"526-37-4"	"Any toys"	"526-37-4"	""	"2,6-Dihydroxy-4-methyl-benzaldehydeAtranol"	"Banned"	"However, the presence of traces of these fragrances shall be allowed provided that such presence is technically unavoidable under good manufacturing practice and does not exceed 100 mg/kg"	
"2-Pentylidene-cyclohexanone"	"247-178-8"	"25677-40-1"	"Any toys"	"25677-40-1"	""	"2-Pentylidene-cyclohexanone"	"Banned"	"However, the presence of traces of these fragrances shall be allowed provided that such presence is technically unavoidable under good manufacturing practice and does not exceed 100 mg/kg"	
"3,6,10-Trimethyl-3,5,9-undecatrien-2-one"	"214-245-8"	"1117-41-5"	"Any toys"	"1117-41-5"	""	"3,6,10-Trimethyl-3,5,9-undecatrien-2-one"	"Banned"	"However, the presence of traces of these fragrances shall be allowed provided that such presence is technically unavoidable under good manufacturing practice and does not exceed 100 mg/kg"	
"3,7-Dimethyl-2-octen-1-ol;6,7-Dihydrogeraniol"	"254-999-5"	"40607-48-5"	"Any toys"	"40607-48-5"	""	"6,7-Dihydrogeraniol3,7-Dimethyl-2-octen-1-ol"	"Banned"	"However, the presence of traces of these fragrances shall be allowed provided that such presence is technically unavoidable under good manufacturing practice and does not exceed 100 mg/kg"	
"3-Chloro-2,6-Dihydroxy-4-methyl-benzaldehyde;Chloroatranol"	"801-751-4"	"57074-21-2"	"Any toys"	"57074-21-2"	""	"3-Chloro-2,6-Dihydroxy-4-methyl-benzaldehydeChloroatranol"	"Banned"	"However, the presence of traces of these fragrances shall be allowed provided that such presence is technically unavoidable under good manufacturing practice and does not exceed 100 mg/kg"	
"3-Methyl-4-(2,6,6-trimethyl-2-cyclohexen-1-yl)-3-buten-2-one"	"204-846-3"	"127-51-5"	"Any toys except olfactory board games, cosmetic kits and gustative games"	"127-51-5"	"The names of this allergenic fragrance shall be listed on the toy, on an affixed label, on the packaging or in an accompanying leaflet, if added to a toy, as such, at concentrations exceeding 100 mg/kg in the toy or components"	"3-Methyl-4-(2,6,6-trimethyl-2-cyclohexen-1-yl)-3-buten-2-one"	""	"See point 12 of Part III on Chemical Properties to Annex II of Directive 2009/48/EC for specific conditions of use in olfactory board games, cosmetic kits and gustative games"	
"3-Methyl-5-(2,2,3-trimethyl-3-cyclopenten-1-yl)pent-4-en-2-ol"	"267-140-4"	"67801-20-1"	"Any toys"	"67801-20-1"	"The names of this allergenic fragrance shall be listed on the toy, on an affixed label, on the packaging or in an accompanying leaflet, if added to a toy, as such, at concentrations exceeding 100 mg/kg in the toy or components"	"3-Methyl-5-(2,2,3-trimethyl-3-cyclopenten-1-yl)pent-4-en-2-ol"	""	""	
"4,6-Dimethyl-8-tert-butylcoumarin"	"241-827-9"	"17874-34-9"	"Any toys"	"17874-34-9"	""	"4,6-Dimethyl-8-tert-butylcoumarin"	"Banned"	"However, the presence of traces of these fragrances shall be allowed provided that such presence is technically unavoidable under good manufacturing practice and does not exceed 100 mg/kg"	
"4-(p-Methoxyphenyl)-3-butene-2-one"	"213-404-9"	"943-88-4"	"Any toys"	"943-88-4"	""	"4-(p-Methoxyphenyl)-3-butene-2-one"	"Banned"	"However, the presence of traces of these fragrances shall be allowed provided that such presence is technically unavoidable under good manufacturing practice and does not exceed 100 mg/kg"	
"4-Ethoxy-phenol"	"210-748-1"	"622-62-8"	"Any toys"	"622-62-8"	""	"4-Ethoxy-phenol"	"Banned"	"However, the presence of traces of these fragrances shall be allowed provided that such presence is technically unavoidable under good manufacturing practice and does not exceed 100 mg/kg"	
"4-Methoxyphenol"	"205-769-8"	"150-76-5"	"Any toys"	"150-76-5"	""	"4-Methoxyphenol"	"Banned"	"However, the presence of traces of these fragrances shall be allowed provided that such presence is technically unavoidable under good manufacturing practice and does not exceed 100 mg/kg"	
"4-Phenyl-3-buten-2-one"	"204-555-1"	"122-57-6"	"Any toys"	"122-57-6"	""	"4-Phenyl-3-buten-2-one"	"Banned"	"However, the presence of traces of these fragrances shall be allowed provided that such presence is technically unavoidable under good manufacturing practice and does not exceed 100 mg/kg"	
"4-tert-Butyl-3-methoxy-2,6-dinitrotoluene;Musk ambrette"	"201-493-7"	"83-66-9"	"Any toys"	"83-66-9"	""	"4-tert-Butyl-3-methoxy-2,6-dinitrotolueneMusk ambrette"	"Banned"	"However, the presence of traces of these fragrances shall be allowed provided that such presence is technically unavoidable under good manufacturing practice and does not exceed 100 mg/kg"	
"4-tert-Butylphenol"	"202-679-0"	"98-54-4"	"Any toys"	"98-54-4"	""	"4-tert-Butylphenol"	"Banned"	"However, the presence of traces of these fragrances shall be allowed provided that such presence is technically unavoidable under good manufacturing practice and does not exceed 100 mg/kg"	
"5-Methyl-2,3-hexanedione"	"237-241-8"	"13706-86-0"	"Any toys"	"13706-86-0"	""	"5-Methyl-2,3-hexanedione"	"Banned"	"However, the presence of traces of these fragrances shall be allowed provided that such presence is technically unavoidable under good manufacturing practice and does not exceed 100 mg/kg"	
"6,10-Dimethyl-3,5,9-undecatrien-2-one"	"205-457-1"	"141-10-6"	"Any toys"	"141-10-6"	""	"6,10-Dimethyl-3,5,9-undecatrien-2-one"	"Banned"	"However, the presence of traces of these fragrances shall be allowed provided that such presence is technically unavoidable under good manufacturing practice and does not exceed 100 mg/kg"	
"6-lsopropyl-2-decahydronaphthalenol"	"251-841-7"	"34131-99-2"	"Any toys"	"34131-99-2"	""	"6-lsopropyl-2-decahydronaphthalenol"	"Banned"	"However, the presence of traces of these fragrances shall be allowed provided that such presence is technically unavoidable under good manufacturing practice and does not exceed 100 mg/kg"	
"6-Methylcoumarin"	"202-158-8"	"92-48-8"	"Any toys"	"92-48-8"	""	"6-Methylcoumarin"	"Banned"	"However, the presence of traces of these fragrances shall be allowed provided that such presence is technically unavoidable under good manufacturing practice and does not exceed 100 mg/kg"	
"7,11-Dimethyl-4,6,10-dodecatrien-3-one"	"247-878-3"	"26651-96-7"	"Any toys"	"26651-96-7"	""	"7,11-Dimethyl-4,6,10-dodecatrien-3-one"	"Banned"	"However, the presence of traces of these fragrances shall be allowed provided that such presence is technically unavoidable under good manufacturing practice and does not exceed 100 mg/kg"	
"7-Ethoxy-4-methylcoumarin"	"201-721-5"	"87-05-8"	"Any toys"	"87-05-8"	""	"7-Ethoxy-4-methylcoumarin"	"Banned"	"However, the presence of traces of these fragrances shall be allowed provided that such presence is technically unavoidable under good manufacturing practice and does not exceed 100 mg/kg"	
"7-Methoxycoumarin"	"208-513-3"	"531-59-9"	"Any toys"	"531-59-9"	""	"7-Methoxycoumarin"	"Banned"	"However, the presence of traces of these fragrances shall be allowed provided that such presence is technically unavoidable under good manufacturing practice and does not exceed 100 mg/kg"	
"7-Methylcoumarin"	"219-499-3"	"2445-83-2"	"Any toys"	"2445-83-2"	""	"7-Methylcoumarin"	"Banned"	"However, the presence of traces of these fragrances shall be allowed provided that such presence is technically unavoidable under good manufacturing practice and does not exceed 100 mg/kg"	
"[3R-(3α,3aβ,7β,8aα)]-1-(2,3,4,7,8,8a-hexahydro-3,6,8,8-tetramethyl-1H-3a,7-methanoazulen-5-yl)ethan-1-one"	"251-020-3"	"32388-55-9"	"Any toys"	"32388-55-9"	"The names of this allergenic fragrance shall be listed on the toy, on an affixed label, on the packaging or in an accompanying leaflet, if added to a toy, as such, at concentrations exceeding 100 mg/kg in the toy or components"	"Acetylcedrene"	""	""	
"AEC Cassia Leaf Oil"	"616-916-4"	"8007-80-5"	"Any toys"	"8007-80-5"	"The names of this allergenic fragrance shall be listed on the toy, on an affixed label, on the packaging or in an accompanying leaflet, if added to a toy, as such, at concentrations exceeding 100 mg/kg in the toy or components"	"Cinnamomum cassia leaf oil"	""	""	
"Alanroot oil (Inula helenium)"	"639-634-3"	"97676-35-2"	"Any toys"	"97676-35-2"	""	"Alanroot oil (Inula helenium)"	"Banned"	"However, the presence of traces of these fragrances shall be allowed provided that such presence is technically unavoidable under good manufacturing practice and does not exceed 100 mg/kg"	
"Allylisothiocyanate"	"200-309-2"	"57-06-7"	"Any toys"	"57-06-7"	""	"Allylisothiocyanate"	"Banned"	"However, the presence of traces of these fragrances shall be allowed provided that such presence is technically unavoidable under good manufacturing practice and does not exceed 100 mg/kg"	
"alpha-Pinene"	"201-291-9"	"80-56-8"	"Any toys"	"80-56-8"	"The names of this allergenic fragrance shall be listed on the toy, on an affixed label, on the packaging or in an accompanying leaflet, if added to a toy, as such, at concentrations exceeding 100 mg/kg in the toy or components"	"alpha-Pinene"	""	""	
"alpha-Santalol"	"204-102-8"	"115-71-9"	"Any toys"	"115-71-9"	"The names of this allergenic fragrance shall be listed on the toy, on an affixed label, on the packaging or in an accompanying leaflet, if added to a toy, as such, at concentrations exceeding 100 mg/kg in the toy or components"	"alpha-Santalol"	""	""	
"alpha-Terpineol"	"202-680-6"	"98-55-5"	"Any toys"	"98-55-5"	"The names of this allergenic fragrance shall be listed on the toy, on an affixed label, on the packaging or in an accompanying leaflet, if added to a toy, as such, at concentrations exceeding 100 mg/kg in the toy or components"	"alpha-Terpineol"	""	""	
"Amyl cinnamal"	"204-541-5"	"122-40-7"	"Any toys except olfactory board games, cosmetic kits and gustative games"	"122-40-7"	""	"Amyl cinnamal"	"Banned"	"However, the presence of traces of these fragrances shall be allowed provided that such presence is technically unavoidable under good manufacturing practice and does not exceed 100 mg/kgSee point 12 of Part III on Chemical Properties to Annex II of Directive 2009/48/EC for specific conditions of use in olfactory board games, cosmetic kits and gustative games"	
"Amyl salicylate"	"218-080-2"	"2050-08-0"	"Any toys"	"2050-08-0"	"The names of this allergenic fragrance shall be listed on the toy, on an affixed label, on the packaging or in an accompanying leaflet, if added to a toy, as such, at concentrations exceeding 100 mg/kg in the toy or components"	"Amyl salicylate"	""	""	
"Amylcinnamyl alcohol"	"202-982-8"	"101-85-9"	"Any toys except olfactory board games, cosmetic kits and gustative games"	"101-85-9"	""	"Amylcinnamyl alcohol"	"Banned"	"However, the presence of traces of these fragrances shall be allowed provided that such presence is technically unavoidable under good manufacturing practice and does not exceed 100 mg/kgSee point 12 of Part III on Chemical Properties to Annex II of Directive 2009/48/EC for specific conditions of use in olfactory board games, cosmetic kits and gustative games"	
"Anisyl alcohol"	"203-273-6"	"105-13-5"	"Any toys except olfactory board games, cosmetic kits and gustative games"	"105-13-5"	"The names of this allergenic fragrance shall be listed on the toy, on an affixed label, on the packaging or in an accompanying leaflet, if added to a toy, as such, at concentrations exceeding 100 mg/kg in the toy or components"	"Anisyl alcohol"	""	"See point 12 of Part III on Chemical Properties to Annex II of Directive 2009/48/EC for specific conditions of use in olfactory board games, cosmetic kits and gustative games"	
"Benzaldehyde"	"202-860-4"	"100-52-7"	"Any toys"	"100-52-7"	"The names of this allergenic fragrance shall be listed on the toy, on an affixed label, on the packaging or in an accompanying leaflet, if added to a toy, as such, at concentrations exceeding 100 mg/kg in the toy or components"	"Benzaldehyde"	""	""	
"Benzyl alcohol"	"202-859-9"	"100-51-6"	"Any toys except olfactory board games, cosmetic kits and gustative games"	"100-51-6"	""	"Benzyl alcohol"	"Banned"	"However, the presence of traces of these fragrances shall be allowed provided that such presence is technically unavoidable under good manufacturing practice and does not exceed 100 mg/kgSee point 12 of Part III on Chemical Properties to Annex II of Directive 2009/48/EC for specific conditions of use in olfactory board games, cosmetic kits and gustative games"	
"Benzyl benzoate"	"204-402-9"	"120-51-4"	"Any toys except olfactory board games, cosmetic kits and gustative games"	"120-51-4"	"The names of this allergenic fragrance shall be listed on the toy, on an affixed label, on the packaging or in an accompanying leaflet, if added to a toy, as such, at concentrations exceeding 100 mg/kg in the toy or components"	"Benzyl benzoate"	""	"See point 12 of Part III on Chemical Properties to Annex II of Directive 2009/48/EC for specific conditions of use in olfactory board games, cosmetic kits and gustative games"	
"Benzyl cinnamate"	"203-109-3"	"103-41-3"	"Any toys except olfactory board games, cosmetic kits and gustative games"	"103-41-3"	"The names of this allergenic fragrance shall be listed on the toy, on an affixed label, on the packaging or in an accompanying leaflet, if added to a toy, as such, at concentrations exceeding 100 mg/kg in the toy or components"	"Benzyl cinnamate"	""	"See point 12 of Part III on Chemical Properties to Annex II of Directive 2009/48/EC for specific conditions of use in olfactory board games, cosmetic kits and gustative games"	
"Benzyl cyanide"	"205-410-5"	"140-29-4"	"Any toys"	"140-29-4"	""	"Benzyl cyanide"	"Banned"	"However, the presence of traces of these fragrances shall be allowed provided that such presence is technically unavoidable under good manufacturing practice and does not exceed 100 mg/kg"	
"Benzyl salicylate"	"204-262-9"	"118-58-1"	"Any toys except olfactory board games, cosmetic kits and gustative games"	"118-58-1"	""	"Benzyl salicylate"	"Banned"	"However, the presence of traces of these fragrances shall be allowed provided that such presence is technically unavoidable under good manufacturing practice and does not exceed 100 mg/kgSee point 12 of Part III on Chemical Properties to Annex II of Directive 2009/48/EC for specific conditions of use in olfactory board games, cosmetic kits and gustative games"	
"beta-Caryophyllene (ox.)"	"201-746-1"	"87-44-5"	"Any toys"	"87-44-5"	"The names of this allergenic fragrance shall be listed on the toy, on an affixed label, on the packaging or in an accompanying leaflet, if added to a toy, as such, at concentrations exceeding 100 mg/kg in the toy or components"	"beta-Caryophyllene (ox.)"	""	""	
"beta-Pinene"	"204-872-5"	"127-91-3"	"Any toys"	"127-91-3"	"The names of this allergenic fragrance shall be listed on the toy, on an affixed label, on the packaging or in an accompanying leaflet, if added to a toy, as such, at concentrations exceeding 100 mg/kg in the toy or components"	"beta-Pinene"	""	""	
"beta-Santalol"	"201-027-2"	"77-42-9"	"Any toys"	"77-42-9"	"The names of this allergenic fragrance shall be listed on the toy, on an affixed label, on the packaging or in an accompanying leaflet, if added to a toy, as such, at concentrations exceeding 100 mg/kg in the toy or components"	"beta-Santalol"	""	""	
"Camphor"	"200-945-0"	"76-22-2"	"Any toys"	"76-22-2"	"The names of this allergenic fragrance shall be listed on the toy, on an affixed label, on the packaging or in an accompanying leaflet, if added to a toy, as such, at concentrations exceeding 100 mg/kg in the toy or components"	"Camphor"	""	""	
"Cananga odorata oil;Ylang-ylang oil"	"281-092-1"	"8006-81-3;83863-30-3"	"Any toys"	"83863-30-3"	"The names of this allergenic fragrance shall be listed on the toy, on an affixed label, on the packaging or in an accompanying leaflet, if added to a toy, as such, at concentrations exceeding 100 mg/kg in the toy or components"	"Cananga odorata oil"	""	""	
"Carvone"	"202-759-5"	"99-49-0"	"Any toys"	"99-49-0"	"The names of this allergenic fragrance shall be listed on the toy, on an affixed label, on the packaging or in an accompanying leaflet, if added to a toy, as such, at concentrations exceeding 100 mg/kg in the toy or components"	"Carvone"	""	""	
"Cedrus atlantica, ext."	"295-985-9"	"92201-55-3"	"Any toys"	"92201-55-3"	"The names of this allergenic fragrance shall be listed on the toy, on an affixed label, on the packaging or in an accompanying leaflet, if added to a toy, as such, at concentrations exceeding 100 mg/kg in the toy or components"	"Cedrus atlantica, ext."	""	""	
"Chenopodium oil"	"-"	"8006-99-3"	"Any toys"	"8006-99-3"	""	"Chenopodium oil"	"Banned"	"However, the presence of traces of these fragrances shall be allowed provided that such presence is technically unavoidable under good manufacturing practice and does not exceed 100 mg/kg"	
"Cinnamal"	"203-213-9"	"104-55-2"	"Any toys except olfactory board games, cosmetic kits and gustative games"	"104-55-2"	""	"Cinnamal"	"Banned"	"However, the presence of traces of these fragrances shall be allowed provided that such presence is technically unavoidable under good manufacturing practice and does not exceed 100 mg/kgSee point 12 of Part III on Chemical Properties to Annex II of Directive 2009/48/EC for specific conditions of use in olfactory board games, cosmetic kits and gustative games"	
"Cinnamomum zeylanicum bark oil"	"283-479-0"	"84649-98-9"	"Any toys"	"84649-98-9"	"The names of this allergenic fragrance shall be listed on the toy, on an affixed label, on the packaging or in an accompanying leaflet, if added to a toy, as such, at concentrations exceeding 100 mg/kg in the toy or components"	"Cinnamomum zeylanicum bark oil"	""	""	
"Cinnamyl alcohol"	"203-212-3"	"104-54-1"	"Any toys except olfactory board games, cosmetic kits and gustative games"	"104-54-1"	""	"Cinnamyl alcohol"	"Banned"	"However, the presence of traces of these fragrances shall be allowed provided that such presence is technically unavoidable under good manufacturing practice and does not exceed 100 mg/kgSee point 12 of Part III on Chemical Properties to Annex II of Directive 2009/48/EC for specific conditions of use in olfactory board games, cosmetic kits and gustative games"	
"cis-beta-Damascone"	"245-843-7"	"23726-92-3"	"Any toys"	"23726-92-3"	"The names of this allergenic fragrance shall be listed on the toy, on an affixed label, on the packaging or in an accompanying leaflet, if added to a toy, as such, at concentrations exceeding 100 mg/kg in the toy or components"	"cis-beta-Damascone"	""	""	
"Citral"	"226-394-6"	"5392-40-5"	"Any toys except olfactory board games, cosmetic kits and gustative games"	"5392-40-5"	""	"Citral"	"Banned"	"However, the presence of traces of these fragrances shall be allowed provided that such presence is technically unavoidable under good manufacturing practice and does not exceed 100 mg/kgSee point 12 of Part III on Chemical Properties to Annex II of Directive 2009/48/EC for specific conditions of use in olfactory board games, cosmetic kits and gustative games"	
"Citronellol"	"203-375-0"	"106-22-9"	"Any toys except olfactory board games, cosmetic kits and gustative games"	"106-22-9"	"The names of this allergenic fragrance shall be listed on the toy, on an affixed label, on the packaging or in an accompanying leaflet, if added to a toy, as such, at concentrations exceeding 100 mg/kg in the toy or components"	"Citronellol"	""	"See point 12 of Part III on Chemical Properties to Annex II of Directive 2009/48/EC for specific conditions of use in olfactory board games, cosmetic kits and gustative games"	
"Citrus aurantium amara flower oil;Citrus aurantium amara peel oil"	"277-143-2"	"72968-50-4;8016-38-4"	"Any toys"	"72968-50-4"	"The names of this allergenic fragrance shall be listed on the toy, on an affixed label, on the packaging or in an accompanying leaflet, if added to a toy, as such, at concentrations exceeding 100 mg/kg in the toy or components"	"Citrus aurantium amara peel oil"	""	""	
"Citrus Aurantium dulcis peel oil expressed;Citrus sinensis peel oil expressed"	"232-433-8"	"8028-48-6"	"Any toys"	"8028-48-6"	"The names of this allergenic fragrance shall be listed on the toy, on an affixed label, on the packaging or in an accompanying leaflet, if added to a toy, as such, at concentrations exceeding 100 mg/kg in the toy or components"	"Citrus sinensis peel oil expressedCitrus Aurantium dulcis peel oil expressed"	""	""	
"Citrus Aurantium dulcis peel oil expressed;Citrus sinensis peel oil expressed"	"307-891-8"	"97766-30-8"	"Any toys"	"97766-30-8"	"The names of this allergenic fragrance shall be listed on the toy, on an affixed label, on the packaging or in an accompanying leaflet, if added to a toy, as such, at concentrations exceeding 100 mg/kg in the toy or components"	"Citrus sinensis peel oil expressedCitrus Aurantium dulcis peel oil expressed"	""	""	
"Citrus bergamia peel oil expressed"	"289-612-9"	"89957-91-5"	"Any toys"	"89957-91-5"	"The names of this allergenic fragrance shall be listed on the toy, on an affixed label, on the packaging or in an accompanying leaflet, if added to a toy, as such, at concentrations exceeding 100 mg/kg in the toy or components"	"Citrus bergamia peel oil expressed"	""	""	
"Citrus limonum peel oil expressed"	"284-515-8"	"84929-31-7"	"Any toys"	"84929-31-7"	"The names of this allergenic fragrance shall be listed on the toy, on an affixed label, on the packaging or in an accompanying leaflet, if added to a toy, as such, at concentrations exceeding 100 mg/kg in the toy or components"	"Citrus limonum peel oil expressed"	""	""	
"Costus root oil (Saussurea lappa Clarke)"	"639-571-1"	"8023-88-9"	"Any toys"	"8023-88-9"	""	"Costus root oil (Saussurea lappa Clarke)"	"Banned"	"However, the presence of traces of these fragrances shall be allowed provided that such presence is technically unavoidable under good manufacturing practice and does not exceed 100 mg/kg"	
"Coumarin"	"202-086-7"	"91-64-5"	"Any toys except olfactory board games, cosmetic kits and gustative games"	"91-64-5"	""	"Coumarin"	"Banned"	"However, the presence of traces of these fragrances shall be allowed provided that such presence is technically unavoidable under good manufacturing practice and does not exceed 100 mg/kgSee point 12 of Part III on Chemical Properties to Annex II of Directive 2009/48/EC for specific conditions of use in olfactory board games, cosmetic kits and gustative games"	
"Cyclamen alcohol"	"225-289-2"	"4756-19-8"	"Any toys"	"4756-19-8"	""	"Cyclamen alcohol"	"Banned"	"However, the presence of traces of these fragrances shall be allowed provided that such presence is technically unavoidable under good manufacturing practice and does not exceed 100 mg/kg"	
"Cymbopogon citratus extract;Cymbopogon schoenanthus extract;Cymbopogon schoenanthus oil"	"289-752-0"	"8007-02-1;89998-14-1;89998-16-3"	"Any toys"	"89998-14-1"	"The names of this allergenic fragrance shall be listed on the toy, on an affixed label, on the packaging or in an accompanying leaflet, if added to a toy, as such, at concentrations exceeding 100 mg/kg in the toy or components"	"Cymbopogon citratus extract"	""	""	
"Cymbopogon schoenanthus, ext."	"289-754-1"	"89998-16-3"	"Any toys"	"89998-16-3"	"The names of this allergenic fragrance shall be listed on the toy, on an affixed label, on the packaging or in an accompanying leaflet, if added to a toy, as such, at concentrations exceeding 100 mg/kg in the toy or components"	"Cymbopogon schoenanthus extract"	""	""	
"D-Carvone"	"218-827-2"	"2244-16-8"	"Any toys"	"2244-16-8"	"The names of this allergenic fragrance shall be listed on the toy, on an affixed label, on the packaging or in an accompanying leaflet, if added to a toy, as such, at concentrations exceeding 100 mg/kg in the toy or components"	"D-Carvone"	""	""	
"D-Citronellol"	"214-250-5"	"1117-61-9"	"Any toys except olfactory board games, cosmetic kits and gustative games"	"1117-61-9"	"The names of this allergenic fragrance shall be listed on the toy, on an affixed label, on the packaging or in an accompanying leaflet, if added to a toy, as such, at concentrations exceeding 100 mg/kg in the toy or components"	"D-Citronellol"	""	"See point 12 of Part III on Chemical Properties to Annex II of Directive 2009/48/EC for specific conditions of use in olfactory board games, cosmetic kits and gustative games"	
"d-Limonene"	"227-813-5"	"5989-27-5"	"Any toys except olfactory board games, cosmetic kits and gustative games"	"5989-27-5"	"The names of this allergenic fragrance shall be listed on the toy, on an affixed label, on the packaging or in an accompanying leaflet, if added to a toy, as such, at concentrations exceeding 100 mg/kg in the toy or components"	"d-Limonene"	""	"See point 12 of Part III on Chemical Properties to Annex II of Directive 2009/48/EC for specific conditions of use in olfactory board games, cosmetic kits and gustative games"	
"Damascenone;Rose ketone-4"	"245-833-2"	"23696-85-7"	"Any toys"	"23696-85-7"	"The names of this allergenic fragrance shall be listed on the toy, on an affixed label, on the packaging or in an accompanying leaflet, if added to a toy, as such, at concentrations exceeding 100 mg/kg in the toy or components"	"Rose ketone-4Damascenone"	""	""	
"delta-Damascone"	"260-709-8"	"57378-68-4"	"Any toys"	"57378-68-4"	"The names of this allergenic fragrance shall be listed on the toy, on an affixed label, on the packaging or in an accompanying leaflet, if added to a toy, as such, at concentrations exceeding 100 mg/kg in the toy or components"	"delta-Damascone"	""	""	
"Diethyl maleate"	"205-451-9"	"141-05-9"	"Any toys"	"141-05-9"	""	"Diethyl maleate"	"Banned"	"However, the presence of traces of these fragrances shall be allowed provided that such presence is technically unavoidable under good manufacturing practice and does not exceed 100 mg/kg"	
"Dihydrocoumarin"	"204-354-9"	"119-84-6"	"Any toys"	"119-84-6"	""	"Dihydrocoumarin"	"Banned"	"However, the presence of traces of these fragrances shall be allowed provided that such presence is technically unavoidable under good manufacturing practice and does not exceed 100 mg/kg"	
"Dimethyl citraconate"	"-"	"617-54-9"	"Any toys"	"617-54-9"	""	"Dimethyl citraconate"	"Banned"	"However, the presence of traces of these fragrances shall be allowed provided that such presence is technically unavoidable under good manufacturing practice and does not exceed 100 mg/kg"	
"Diphenylamine"	"204-539-4"	"122-39-4"	"Any toys"	"122-39-4"	""	"Diphenylamine"	"Banned"	"However, the presence of traces of these fragrances shall be allowed provided that such presence is technically unavoidable under good manufacturing practice and does not exceed 100 mg/kg"	
"DMBCA;Dimethylbenzyl carbinyl acetate"	"205-781-3"	"151-05-3"	"Any toys"	"151-05-3"	"The names of this allergenic fragrance shall be listed on the toy, on an affixed label, on the packaging or in an accompanying leaflet, if added to a toy, as such, at concentrations exceeding 100 mg/kg in the toy or components"	"Dimethylbenzyl carbinyl acetateDMBCA"	""	""	
"Essential oil of Citrus aurantium var. amara or Bigaradia (Rutaceae) obtained from the flowers by steam distillation"	"639-655-8"	"8016-38-4"	"Any toys"	"8016-38-4"	"The names of this allergenic fragrance shall be listed on the toy, on an affixed label, on the packaging or in an accompanying leaflet, if added to a toy, as such, at concentrations exceeding 100 mg/kg in the toy or components"	"Citrus aurantium amara flower oil"	""	""	
"Ethyl acrylate"	"205-438-8"	"140-88-5"	"Any toys"	"140-88-5"	""	"Ethyl acrylate"	"Banned"	"However, the presence of traces of these fragrances shall be allowed provided that such presence is technically unavoidable under good manufacturing practice and does not exceed 100 mg/kg"	
"Eucalyptus globulus oil"	"616-775-9"	"8000-48-4"	"Any toys"	"8000-48-4"	"The names of this allergenic fragrance shall be listed on the toy, on an affixed label, on the packaging or in an accompanying leaflet, if added to a toy, as such, at concentrations exceeding 100 mg/kg in the toy or components"	"Eucalyptus spp. leaf oil"	""	""	
"Eucalyptus spp. leaf extract"	"296-357-7"	"92502-70-0"	"Any toys"	"92502-70-0"	"The names of this allergenic fragrance shall be listed on the toy, on an affixed label, on the packaging or in an accompanying leaflet, if added to a toy, as such, at concentrations exceeding 100 mg/kg in the toy or components"	"Eucalyptus spp. leaf extract"	""	""	
"Eugenia caryophyllus leaf/flower oil"	"616-772-2"	"8000-34-8"	"Any toys"	"8000-34-8"	"The names of this allergenic fragrance shall be listed on the toy, on an affixed label, on the packaging or in an accompanying leaflet, if added to a toy, as such, at concentrations exceeding 100 mg/kg in the toy or components"	"Eugenia caryophyllus leaf/flower oil"	""	""	
"Eugenol"	"202-589-1"	"97-53-0"	"Any toys except olfactory board games, cosmetic kits and gustative games"	"97-53-0"	""	"Eugenol"	"Banned"	"However, the presence of traces of these fragrances shall be allowed provided that such presence is technically unavoidable under good manufacturing practice and does not exceed 100 mg/kgSee point 12 of Part III on Chemical Properties to Annex II of Directive 2009/48/EC for specific conditions of use in olfactory board games, cosmetic kits and gustative games"	
"Farnesol"	"225-004-1"	"4602-84-0"	"Any toys except olfactory board games, cosmetic kits and gustative games"	"4602-84-0"	"The names of this allergenic fragrance shall be listed on the toy, on an affixed label, on the packaging or in an accompanying leaflet, if added to a toy, as such, at concentrations exceeding 100 mg/kg in the toy or components"	"Farnesol"	""	"See point 12 of Part III on Chemical Properties to Annex II of Directive 2009/48/EC for specific conditions of use in olfactory board games, cosmetic kits and gustative games"	
"Fig leaf, fresh and preparations"	"639-678-3"	"68916-52-9"	"Any toys"	"68916-52-9"	""	"Fig leaf, fresh and preparations"	"Banned"	"However, the presence of traces of these fragrances shall be allowed provided that such presence is technically unavoidable under good manufacturing practice and does not exceed 100 mg/kg"	
"Geraniol"	"203-377-1"	"106-24-1"	"Any toys except olfactory board games, cosmetic kits and gustative games"	"106-24-1"	""	"Geraniol"	"Banned"	"However, the presence of traces of these fragrances shall be allowed provided that such presence is technically unavoidable under good manufacturing practice and does not exceed 100 mg/kgSee point 12 of Part III on Chemical Properties to Annex II of Directive 2009/48/EC for specific conditions of use in olfactory board games, cosmetic kits and gustative games"	
"Geranium oil"	"616-774-3"	"8000-46-2"	"Any toys"	"8000-46-2"	"The names of this allergenic fragrance shall be listed on the toy, on an affixed label, on the packaging or in an accompanying leaflet, if added to a toy, as such, at concentrations exceeding 100 mg/kg in the toy or components"	"Pelargonium graveolens oil"	""	""	
"Hexadecanolactone"	"203-662-0"	"109-29-5"	"Any toys"	"109-29-5"	"The names of this allergenic fragrance shall be listed on the toy, on an affixed label, on the packaging or in an accompanying leaflet, if added to a toy, as such, at concentrations exceeding 100 mg/kg in the toy or components"	"Hexadecanolactone"	""	""	
"Hexahydrocoumarin"	"211-851-4"	"700-82-3"	"Any toys"	"700-82-3"	""	"Hexahydrocoumarin"	"Banned"	"However, the presence of traces of these fragrances shall be allowed provided that such presence is technically unavoidable under good manufacturing practice and does not exceed 100 mg/kg"	
"Hexamethylindanopyran"	"214-946-9"	"1222-05-5"	"Any toys"	"1222-05-5"	"The names of this allergenic fragrance shall be listed on the toy, on an affixed label, on the packaging or in an accompanying leaflet, if added to a toy, as such, at concentrations exceeding 100 mg/kg in the toy or components"	"Hexamethylindanopyran"	""	""	
"Hexyl cinnamaldehyde"	"202-983-3"	"101-86-0"	"Any toys except olfactory board games, cosmetic kits and gustative games"	"101-86-0"	"The names of this allergenic fragrance shall be listed on the toy, on an affixed label, on the packaging or in an accompanying leaflet, if added to a toy, as such, at concentrations exceeding 100 mg/kg in the toy or components"	"Hexyl cinnamaldehyde"	""	"See point 12 of Part III on Chemical Properties to Annex II of Directive 2009/48/EC for specific conditions of use in olfactory board games, cosmetic kits and gustative games"	
"Hydroabietyl alcohol"	"236-476-3"	"13393-93-6"	"Any toys"	"13393-93-6"	""	"Hydroabietyl alcohol"	"Banned"	"However, the presence of traces of these fragrances shall be allowed provided that such presence is technically unavoidable under good manufacturing practice and does not exceed 100 mg/kg"	
"Hydroxy-citronellal"	"203-518-7"	"107-75-5"	"Any toys except olfactory board games, cosmetic kits and gustative games"	"107-75-5"	""	"Hydroxy-citronellal"	"Banned"	"However, the presence of traces of these fragrances shall be allowed provided that such presence is technically unavoidable under good manufacturing practice and does not exceed 100 mg/kgSee point 12 of Part III on Chemical Properties to Annex II of Directive 2009/48/EC for specific conditions of use in olfactory board games, cosmetic kits and gustative games"	
"Hydroxy-methylpentylcyclohexenecarboxaldehyde"	"250-863-4"	"31906-04-4"	"Any toys except olfactory board games, cosmetic kits and gustative games"	"31906-04-4"	""	"Hydroxy-methylpentylcyclohexenecarboxaldehyde"	"Banned"	"However, the presence of traces of these fragrances shall be allowed provided that such presence is technically unavoidable under good manufacturing practice and does not exceed 100 mg/kgSee point 12 of Part III on Chemical Properties to Annex II of Directive 2009/48/EC for specific conditions of use in olfactory board games, cosmetic kits and gustative games"	
"Isoeugenol"	"202-590-7"	"97-54-1"	"Any toys except olfactory board games, cosmetic kits and gustative games"	"97-54-1"	""	"Isoeugenol"	"Banned"	"However, the presence of traces of these fragrances shall be allowed provided that such presence is technically unavoidable under good manufacturing practice and does not exceed 100 mg/kgSee point 12 of Part III on Chemical Properties to Annex II of Directive 2009/48/EC for specific conditions of use in olfactory board games, cosmetic kits and gustative games"	
"Jasmin oil;Jasmin, Jasminum grandiflorum extract"	"283-993-5"	"8022-96-6;84776-64-7"	"Any toys"	"84776-64-7"	"The names of this allergenic fragrance shall be listed on the toy, on an affixed label, on the packaging or in an accompanying leaflet, if added to a toy, as such, at concentrations exceeding 100 mg/kg in the toy or components"	"Jasmin, Jasminum grandiflorum extract"	""	""	
"Jasmin, Jasminum officinale extract"	"289-960-1"	"90045-94-6"	"Any toys"	"90045-94-6"	"The names of this allergenic fragrance shall be listed on the toy, on an affixed label, on the packaging or in an accompanying leaflet, if added to a toy, as such, at concentrations exceeding 100 mg/kg in the toy or components"	"Jasmin, Jasminum officinale extract"	""	""	
"Juniperus virginiana extract"	"285-370-3"	"85085-41-2"	"Any toys"	"85085-41-2"	"The names of this allergenic fragrance shall be listed on the toy, on an affixed label, on the packaging or in an accompanying leaflet, if added to a toy, as such, at concentrations exceeding 100 mg/kg in the toy or components"	"Juniperus virginiana extract"	""	""	
"L-Citronellol"	"231-415-7"	"7540-51-4"	"Any toys except olfactory board games, cosmetic kits and gustative games"	"7540-51-4"	"The names of this allergenic fragrance shall be listed on the toy, on an affixed label, on the packaging or in an accompanying leaflet, if added to a toy, as such, at concentrations exceeding 100 mg/kg in the toy or components"	"L-Citronellol"	""	"See point 12 of Part III on Chemical Properties to Annex II of Directive 2009/48/EC for specific conditions of use in olfactory board games, cosmetic kits and gustative games"	
"Laurus nobilis fruit oil;Laurus nobilis leaf oil;Laurus nobilis seed oil"	"283-272-5"	"8002-41-3;8007-48-5;84603-73-6"	"Any toys"	"84603-73-6"	"The names of this allergenic fragrance shall be listed on the toy, on an affixed label, on the packaging or in an accompanying leaflet, if added to a toy, as such, at concentrations exceeding 100 mg/kg in the toy or components"	"Laurus nobilis seed oil"	""	""	
"Laurus nobilis fruit oil;Laurus nobilis leaf oil;Laurus nobilis seed oil"	"283-272-5"	"8002-41-3;8007-48-5;84603-73-6"	"Any toys"	"8007-48-5"	"The names of this allergenic fragrance shall be listed on the toy, on an affixed label, on the packaging or in an accompanying leaflet, if added to a toy, as such, at concentrations exceeding 100 mg/kg in the toy or components"	"Laurus nobilis fruit oil"	""	""	
"Lavandula hybrida"	"294-470-6"	"91722-69-9"	"Any toys"	"91722-69-9"	"The names of this allergenic fragrance shall be listed on the toy, on an affixed label, on the packaging or in an accompanying leaflet, if added to a toy, as such, at concentrations exceeding 100 mg/kg in the toy or components"	"Lavandula hybrida"	""	""	
"Lavandula officinalis"	"283-994-0"	"84776-65-8"	"Any toys"	"84776-65-8"	"The names of this allergenic fragrance shall be listed on the toy, on an affixed label, on the packaging or in an accompanying leaflet, if added to a toy, as such, at concentrations exceeding 100 mg/kg in the toy or components"	"Lavandula officinalis"	""	""	
"Levomenthol"	"218-690-9"	"2216-51-5"	"Any toys"	"2216-51-5"	"The names of this allergenic fragrance shall be listed on the toy, on an affixed label, on the packaging or in an accompanying leaflet, if added to a toy, as such, at concentrations exceeding 100 mg/kg in the toy or components"	"Levomenthol"	""	""	
"Lilial"	"201-289-8"	"80-54-6"	"Any toys except olfactory board games, cosmetic kits and gustative games"	"80-54-6"	"The names of this allergenic fragrance shall be listed on the toy, on an affixed label, on the packaging or in an accompanying leaflet, if added to a toy, as such, at concentrations exceeding 100 mg/kg in the toy or components"	"Lilial"	""	"See point 12 of Part III on Chemical Properties to Annex II of Directive 2009/48/EC for specific conditions of use in olfactory board games, cosmetic kits and gustative games"	
"Linalool"	"201-134-4"	"78-70-6"	"Any toys except olfactory board games, cosmetic kits and gustative games"	"78-70-6"	"The names of this allergenic fragrance shall be listed on the toy, on an affixed label, on the packaging or in an accompanying leaflet, if added to a toy, as such, at concentrations exceeding 100 mg/kg in the toy or components"	"Linalool"	""	"See point 12 of Part III on Chemical Properties to Annex II of Directive 2009/48/EC for specific conditions of use in olfactory board games, cosmetic kits and gustative games"	
"Linalyl acetate"	"204-116-4"	"115-95-7"	"Any toys"	"115-95-7"	"The names of this allergenic fragrance shall be listed on the toy, on an affixed label, on the packaging or in an accompanying leaflet, if added to a toy, as such, at concentrations exceeding 100 mg/kg in the toy or components"	"Linalyl acetate"	""	""	
"Majantol;Trimethyl benzenepropanol"	"403-140-4"	"103694-68-4"	"Any toys"	"103694-68-4"	"The names of this allergenic fragrance shall be listed on the toy, on an affixed label, on the packaging or in an accompanying leaflet, if added to a toy, as such, at concentrations exceeding 100 mg/kg in the toy or components"	"MajantolTrimethyl benzenepropanol"	""	""	
"Mentha spicata"	"283-656-2"	"84696-51-5"	"Any toys"	"84696-51-5"	"The names of this allergenic fragrance shall be listed on the toy, on an affixed label, on the packaging or in an accompanying leaflet, if added to a toy, as such, at concentrations exceeding 100 mg/kg in the toy or components"	"Mentha spicata"	""	""	
"Menthol"	"216-074-4"	"1490-04-6"	"Any toys"	"1490-04-6"	"The names of this allergenic fragrance shall be listed on the toy, on an affixed label, on the packaging or in an accompanying leaflet, if added to a toy, as such, at concentrations exceeding 100 mg/kg in the toy or components"	"Menthol"	""	""	
"Menthol racemic"	"201-939-0"	"89-78-1"	"Any toys"	"89-78-1"	"The names of this allergenic fragrance shall be listed on the toy, on an affixed label, on the packaging or in an accompanying leaflet, if added to a toy, as such, at concentrations exceeding 100 mg/kg in the toy or components"	"Menthol racemic"	""	""	
"Methyl heptine carbonate"	"203-836-6"	"111-12-6"	"Any toys"	"111-12-6"	""	"Methyl heptine carbonate"	"Banned"	"However, the presence of traces of these fragrances shall be allowed provided that such presence is technically unavoidable under good manufacturing practice and does not exceed 100 mg/kg"	
"Methyl salicylate"	"204-317-7"	"119-36-8"	"Any toys"	"119-36-8"	"The names of this allergenic fragrance shall be listed on the toy, on an affixed label, on the packaging or in an accompanying leaflet, if added to a toy, as such, at concentrations exceeding 100 mg/kg in the toy or components"	"Methyl salicylate"	""	""	
"Methyl trans-2-butenoate"	"210-793-7"	"623-43-8"	"Any toys"	"623-43-8"	""	"Methyl trans-2-butenoate"	"Banned"	"However, the presence of traces of these fragrances shall be allowed provided that such presence is technically unavoidable under good manufacturing practice and does not exceed 100 mg/kg"	
"Narcissus spp."	"290-086-8"	"90064-25-8"	"Any toys"	"90064-25-8"	"The names of this allergenic fragrance shall be listed on the toy, on an affixed label, on the packaging or in an accompanying leaflet, if added to a toy, as such, at concentrations exceeding 100 mg/kg in the toy or components"	"Narcissus spp."	""	""	
"Oakmoss extracts"	"289-861-3"	"90028-68-5"	"Any toys except olfactory board games, cosmetic kits and gustative games"	"90028-68-5"	""	"Oakmoss extracts"	"Banned"	"However, the presence of traces of these fragrances shall be allowed provided that such presence is technically unavoidable under good manufacturing practice and does not exceed 100 mg/kgSee point 12 of Part III on Chemical Properties to Annex II of Directive 2009/48/EC for specific conditions of use in olfactory board games, cosmetic kits and gustative games"	
"Oils, cedarwood"	"616-769-6"	"8000-27-9"	"Any toys"	"8000-27-9"	"The names of this allergenic fragrance shall be listed on the toy, on an affixed label, on the packaging or in an accompanying leaflet, if added to a toy, as such, at concentrations exceeding 100 mg/kg in the toy or components"	"Cedrus atlantica oilCedarwood oil"	""	""	
"Oils, cedarwood"	"616-769-6"	"8000-27-9"	"Any toys"	"8000-27-9"	"The names of this allergenic fragrance shall be listed on the toy, on an affixed label, on the packaging or in an accompanying leaflet, if added to a toy, as such, at concentrations exceeding 100 mg/kg in the toy or components"	"Cedarwood oilJuniperus virginiana oil"	""	""	
"Oils, jasmine"	"617-015-9"	"8022-96-6"	"Any toys"	"8022-96-6"	"The names of this allergenic fragrance shall be listed on the toy, on an affixed label, on the packaging or in an accompanying leaflet, if added to a toy, as such, at concentrations exceeding 100 mg/kg in the toy or components"	"Jasmin oil"	""	""	
"Oils, laurel"	"616-794-2"	"8002-41-3"	"Any toys"	"8002-41-3"	"The names of this allergenic fragrance shall be listed on the toy, on an affixed label, on the packaging or in an accompanying leaflet, if added to a toy, as such, at concentrations exceeding 100 mg/kg in the toy or components"	"Laurus nobilis leaf oil"	""	""	
"Oils, lemongrass"	"616-903-3"	"8007-02-1"	"Any toys"	"8007-02-1"	"The names of this allergenic fragrance shall be listed on the toy, on an affixed label, on the packaging or in an accompanying leaflet, if added to a toy, as such, at concentrations exceeding 100 mg/kg in the toy or components"	"Cymbopogon schoenanthus oil"	""	""	
"Oils, sandalwood"	"616-898-8"	"8006-87-9"	"Any toys"	"8006-87-9"	"The names of this allergenic fragrance shall be listed on the toy, on an affixed label, on the packaging or in an accompanying leaflet, if added to a toy, as such, at concentrations exceeding 100 mg/kg in the toy or components"	"Santalum album oil"	""	""	
"Oils, ylang-ylang"	"616-893-0"	"8006-81-3"	"Any toys"	"8006-81-3"	"The names of this allergenic fragrance shall be listed on the toy, on an affixed label, on the packaging or in an accompanying leaflet, if added to a toy, as such, at concentrations exceeding 100 mg/kg in the toy or components"	"Ylang-ylang oil"	""	""	
"Patchouly oil"	"616-944-7"	"8014-09-3"	"Any toys"	"8014-09-3"	"The names of this allergenic fragrance shall be listed on the toy, on an affixed label, on the packaging or in an accompanying leaflet, if added to a toy, as such, at concentrations exceeding 100 mg/kg in the toy or components"	"Pogostemon cablin oil"	""	""	
"Pelargonium graveolens extract;Pelargonium graveolens oil"	"290-140-0"	"8000-46-2;90082-51-2"	"Any toys"	"90082-51-2"	"The names of this allergenic fragrance shall be listed on the toy, on an affixed label, on the packaging or in an accompanying leaflet, if added to a toy, as such, at concentrations exceeding 100 mg/kg in the toy or components"	"Pelargonium graveolens extract"	""	""	
"Peppermint extract"	"282-015-4"	"84082-70-2"	"Any toys"	"84082-70-2"	"The names of this allergenic fragrance shall be listed on the toy, on an affixed label, on the packaging or in an accompanying leaflet, if added to a toy, as such, at concentrations exceeding 100 mg/kg in the toy or components"	"Peppermint extract"	""	""	
"Peppermint oil"	"616-900-7"	"8006-90-4"	"Any toys"	"8006-90-4"	"The names of this allergenic fragrance shall be listed on the toy, on an affixed label, on the packaging or in an accompanying leaflet, if added to a toy, as such, at concentrations exceeding 100 mg/kg in the toy or components"	"Peppermint oil"	""	""	
"Peru balsam, crude (Exudation of Myroxylon pereirae (Royle) Klotzsch)"	"232-352-8"	"8007-00-9"	"Any toys"	"8007-00-9"	""	"Peru balsam, crude (Exudation of Myroxylon pereirae (Royle) Klotzsch)"	"Banned"	"However, the presence of traces of these fragrances shall be allowed provided that such presence is technically unavoidable under good manufacturing practice and does not exceed 100 mg/kg"	
"Pinus mugo"	"290-163-6"	"90082-72-7"	"Any toys"	"90082-72-7"	"The names of this allergenic fragrance shall be listed on the toy, on an affixed label, on the packaging or in an accompanying leaflet, if added to a toy, as such, at concentrations exceeding 100 mg/kg in the toy or components"	"Pinus mugo"	""	""	
"Pinus pumila"	"307-681-6"	"97676-05-6"	"Any toys"	"97676-05-6"	"The names of this allergenic fragrance shall be listed on the toy, on an affixed label, on the packaging or in an accompanying leaflet, if added to a toy, as such, at concentrations exceeding 100 mg/kg in the toy or components"	"Pinus pumila"	""	""	
"Pogostemon cablin extract;Pogostemon cablin oil"	"282-493-4"	"8014-09-3;84238-39-1"	"Any toys"	"84238-39-1"	"The names of this allergenic fragrance shall be listed on the toy, on an affixed label, on the packaging or in an accompanying leaflet, if added to a toy, as such, at concentrations exceeding 100 mg/kg in the toy or components"	"Pogostemon cablin extract"	""	""	
"Propylidene phthalide"	"241-402-8"	"17369-59-4"	"Any toys"	"17369-59-4"	"The names of this allergenic fragrance shall be listed on the toy, on an affixed label, on the packaging or in an accompanying leaflet, if added to a toy, as such, at concentrations exceeding 100 mg/kg in the toy or components"	"Propylidene phthalide"	""	""	
"Rose flower oil;Rose, Rosa centifolia extract"	"283-289-8"	"8007-01-0;84604-12-6"	"Any toys"	"84604-12-6"	"The names of this allergenic fragrance shall be listed on the toy, on an affixed label, on the packaging or in an accompanying leaflet, if added to a toy, as such, at concentrations exceeding 100 mg/kg in the toy or components"	"Rose, Rosa centifolia extract"	""	""	
"ROSE HIPS, EXTRACT [ROSA CANINA L.; R. GALLICA L.; R. CONDITA SCOP.; R. RUGOSA THUNB.; AND OTHER ROSA SPP.]-HIPBERRIES, EXTRACT"	"616-902-8"	"8007-01-0"	"Any toys"	"8007-01-0"	"The names of this allergenic fragrance shall be listed on the toy, on an affixed label, on the packaging or in an accompanying leaflet, if added to a toy, as such, at concentrations exceeding 100 mg/kg in the toy or components"	"Rose flower oil"	""	""	
"Rose, Rosa canina extract"	"283-652-0"	"84696-47-9"	"Any toys"	"84696-47-9"	"The names of this allergenic fragrance shall be listed on the toy, on an affixed label, on the packaging or in an accompanying leaflet, if added to a toy, as such, at concentrations exceeding 100 mg/kg in the toy or components"	"Rose, Rosa canina extract"	""	""	
"Rose, Rosa damascena extract"	"290-260-3"	"90106-38-0"	"Any toys"	"90106-38-0"	"The names of this allergenic fragrance shall be listed on the toy, on an affixed label, on the packaging or in an accompanying leaflet, if added to a toy, as such, at concentrations exceeding 100 mg/kg in the toy or components"	"Rose, Rosa damascena extract"	""	""	
"Rose, Rosa gallica extract"	"283-290-3"	"84604-13-7"	"Any toys"	"84604-13-7"	"The names of this allergenic fragrance shall be listed on the toy, on an affixed label, on the packaging or in an accompanying leaflet, if added to a toy, as such, at concentrations exceeding 100 mg/kg in the toy or components"	"Rose, Rosa gallica extract"	""	""	
"Rose, Rosa rugosa extract"	"296-213-3"	"92347-25-6"	"Any toys"	"92347-25-6"	"The names of this allergenic fragrance shall be listed on the toy, on an affixed label, on the packaging or in an accompanying leaflet, if added to a toy, as such, at concentrations exceeding 100 mg/kg in the toy or components"	"Rose, Rosa rugosa extract"	""	""	
"Rose, Rose alba extract"	"297-122-1"	"93334-48-6"	"Any toys"	"93334-48-6"	"The names of this allergenic fragrance shall be listed on the toy, on an affixed label, on the packaging or in an accompanying leaflet, if added to a toy, as such, at concentrations exceeding 100 mg/kg in the toy or components"	"Rose, Rose alba extract"	""	""	
"Salicylaldehyde"	"201-961-0"	"90-02-8"	"Any toys"	"90-02-8"	"The names of this allergenic fragrance shall be listed on the toy, on an affixed label, on the packaging or in an accompanying leaflet, if added to a toy, as such, at concentrations exceeding 100 mg/kg in the toy or components"	"Salicylaldehyde"	""	""	
"Santalum album extract;Santalum album oil"	"284-111-1"	"8006-87-9;84787-70-2"	"Any toys"	"84787-70-2"	"The names of this allergenic fragrance shall be listed on the toy, on an affixed label, on the packaging or in an accompanying leaflet, if added to a toy, as such, at concentrations exceeding 100 mg/kg in the toy or components"	"Santalum album extract"	""	""	
"Sclareol"	"208-194-0"	"515-03-7"	"Any toys"	"515-03-7"	"The names of this allergenic fragrance shall be listed on the toy, on an affixed label, on the packaging or in an accompanying leaflet, if added to a toy, as such, at concentrations exceeding 100 mg/kg in the toy or components"	"Sclareol"	""	""	
"Terpineol (mixture of isomers)"	"232-268-1"	"8000-41-7"	"Any toys"	"8000-41-7"	"The names of this allergenic fragrance shall be listed on the toy, on an affixed label, on the packaging or in an accompanying leaflet, if added to a toy, as such, at concentrations exceeding 100 mg/kg in the toy or components"	"Terpineol (mixture of isomers)"	""	""	
"Terpinolene"	"209-578-0"	"586-62-9"	"Any toys"	"586-62-9"	"The names of this allergenic fragrance shall be listed on the toy, on an affixed label, on the packaging or in an accompanying leaflet, if added to a toy, as such, at concentrations exceeding 100 mg/kg in the toy or components"	"Terpinolene"	""	""	
"trans-2-Heptenal"	"242-608-0"	"18829-55-5"	"Any toys"	"18829-55-5"	""	"trans-2-Heptenal"	"Banned"	"However, the presence of traces of these fragrances shall be allowed provided that such presence is technically unavoidable under good manufacturing practice and does not exceed 100 mg/kg"	
"trans-2-Hexenal diethyl acetal"	"266-989-8"	"67746-30-9"	"Any toys"	"67746-30-9"	""	"trans-2-Hexenal diethyl acetal"	"Banned"	"However, the presence of traces of these fragrances shall be allowed provided that such presence is technically unavoidable under good manufacturing practice and does not exceed 100 mg/kg"	
"trans-2-Hexenal dimethyl acetal"	"242-204-4"	"18318-83-7"	"Any toys"	"18318-83-7"	""	"trans-2-Hexenal dimethyl acetal"	"Banned"	"However, the presence of traces of these fragrances shall be allowed provided that such presence is technically unavoidable under good manufacturing practice and does not exceed 100 mg/kg"	
"trans-Anethole"	"224-052-0"	"4180-23-8"	"Any toys"	"4180-23-8"	"The names of this allergenic fragrance shall be listed on the toy, on an affixed label, on the packaging or in an accompanying leaflet, if added to a toy, as such, at concentrations exceeding 100 mg/kg in the toy or components"	"trans-Anethole"	""	""	
"Treemoss extracts"	"289-860-8"	"90028-67-4"	"Any toys except olfactory board games, cosmetic kits and gustative games"	"90028-67-4"	""	"Treemoss extracts"	"Banned"	"However, the presence of traces of these fragrances shall be allowed provided that such presence is technically unavoidable under good manufacturing practice and does not exceed 100 mg/kgSee point 12 of Part III on Chemical Properties to Annex II of Directive 2009/48/EC for specific conditions of use in olfactory board games, cosmetic kits and gustative games"	
"Turpentine"	"232-688-5"	"9005-90-7"	"Any toys"	"9005-90-7"	"The names of this allergenic fragrance shall be listed on the toy, on an affixed label, on the packaging or in an accompanying leaflet, if added to a toy, as such, at concentrations exceeding 100 mg/kg in the toy or components"	"Turpentine"	""	""	
"Turpentine (oil)"	"-"	"8052-14-0"	"Any toys"	"8052-14-0"	"The names of this allergenic fragrance shall be listed on the toy, on an affixed label, on the packaging or in an accompanying leaflet, if added to a toy, as such, at concentrations exceeding 100 mg/kg in the toy or components"	"Turpentine (oil)"	""	""	
"Turpentine oil"	"232-350-7"	"8006-64-2"	"Any toys"	"8006-64-2"	"The names of this allergenic fragrance shall be listed on the toy, on an affixed label, on the packaging or in an accompanying leaflet, if added to a toy, as such, at concentrations exceeding 100 mg/kg in the toy or components"	"Turpentine oil"	""	""	
"Vanillin"	"204-465-2"	"121-33-5"	"Any toys"	"121-33-5"	"The names of this allergenic fragrance shall be listed on the toy, on an affixed label, on the packaging or in an accompanying leaflet, if added to a toy, as such, at concentrations exceeding 100 mg/kg in the toy or components"	"Vanillin"	""	""	
"Verbena oil (Lippia citriodora Kunth)"	"676-658-3"	"8024-12-2"	"Any toys"	"8024-12-2"	""	"Verbena oil (Lippia citriodora Kunth)"	"Banned"	"However, the presence of traces of these fragrances shall be allowed provided that such presence is technically unavoidable under good manufacturing practice and does not exceed 100 mg/kg"	
