Cosmetic Products Regulation, Annex V - Allowed Preservatives
Note: Group entries are split in different rows.
Export date: 23/02/2026 15:08:50
Header

"Substance Identifier"	""	



""	""	""	""	"Substance Identification"	"Substance Identification"	"Substance Identification"	"Conditions"	"Conditions"	"Conditions"	"Conditions"	"Conditions"	"Conditions"	""	""	
"Name"	"EC / List no"	"CAS no"	"Ref No."	"Name"	"EC Number"	"CAS"	"Product type, body parts"	"Function(s)"	"Restriction(s)"	"Maximum Threshold"	"Qualifier(s)"	"Expressed As"	"Warning Label"	"Notes"	
"(C12-C18)Alkyldimethylbenzylammonium saccharinate"	"273-545-7"	"68989-01-5"	"54"	"(C12-C18)Alkyldimethylbenzylammonium saccharinate"	"273-545-7"	"68989-01-5"	"All cosmetic products"	"Preservative"	"Maximum concentration value is given for &#39;Benzalkonium chloride, bromide and saccharinate&#39;"	"0.1 %"	""	"As benzalkonium chloride"	"Avoid contact with eyes."	"For use other than as a preservative, see Annex III, No. 65"	
"1,2,3-Propanetricarboxylic acid, 2-hydroxy-, monohydrate and 1,2,3-Propanetricarboxylic acid, 2-hydroxy-, silver(1+) salt, monohydrate"	"460-890-5"	"-"	"59"	"1,2,3-Propanetricarboxylic acid, 2-hydroxy-, monohydrate and 1,2,3-Propanetricarboxylic acid, 2-hydroxy-, silver(1+) salt, monohydrate"	"460-890-5"	""	"All cosmetic products except oral products and eye products"	"Preservative"	"Maximum concentration value is given for &#39;Citric acid (and) Silver citrate&#39;Not to be used in oral products and eye products"	"0.0024 %"	""	"As Ag"	""	""	
"1,2,3-Propanetricarboxylic acid, 2-hydroxy-, monohydrate and 1,2,3-Propanetricarboxylic acid, 2-hydroxy-, silver(1+) salt, monohydrate"	"460-890-5"	"-"	"59"	"1,2,3-Propanetricarboxylic acid, 2-hydroxy-, monohydrate and 1,2,3-Propanetricarboxylic acid, 2-hydroxy-, silver(1+) salt, monohydrate"	"460-890-5"	""	"All cosmetic products except oral products and eye products"	"Preservative"	"Maximum concentration value is given for &#39;Citric acid (and) Silver citrate&#39;Not to be used in oral products and eye products"	"0.2 %"	""	""	""	""	
"1,3-Bis(hydroxymethyl)-5,5-dimethylimidazolidine-2,4-dione"	"229-222-8"	"6440-58-0"	"33"	"1,3-Bis(hydroxymethyl)-5,5-dimethylimidazolidine-2,4-dione"	"229-222-8"	"6440-58-0"	"All cosmetic products"	"Preservative"	""	"0.6 %"	""	""	""	"All finished products containing substances which are listed in this Annex and which release formaldehyde shall be labelled with the warning &#39;&#39;releases formaldehyde&#39;&#39; where the total concentration of formaldehyde released in the finished product exceeds 0,001 % (10 ppm), irrespective of whether the finished product contains one or more substances releasing formaldehyde. However, all finished products containing substances referred to in the first subparagraph which comply with Regulation (EC) No 1223/2009 as applicable on 30 July 2022 may be placed on the Union market until 31 July 2024 and be made available on the Union market until 31 July 2026"	
"1-(4-Chlorophenoxy)-1-(imidazol-1-yl)-3,3-dimethylbutan-2-one"	"253-775-4"	"38083-17-9"	"32"	"1-(4-Chlorophenoxy)-1-(imidazol-1-yl)-3,3-dimethylbutan-2-one"	"253-775-4"	"38083-17-9"	"Hair lotions"	"Preservative"	""	"0.2 %"	""	""	""	"For use other than as a preservative, see Annex III, No. 310From 27 November 2019 cosmetic products containing 1-(4-Chlorophenoxy)-1-(imidazol-1-yl)-3,3-dimethylbutan-2-one and not complying with those conditions shall not be placed on the Union marketFrom 27 February 2020 cosmetic products containing 1-(4-Chlorophenoxy)-1-(imidazol-1-yl)-3,3-dimethylbutan-2-one and not complying with those conditions shall not be made available on the Union market"	
"1-(4-Chlorophenoxy)-1-(imidazol-1-yl)-3,3-dimethylbutan-2-one"	"253-775-4"	"38083-17-9"	"32"	"1-(4-Chlorophenoxy)-1-(imidazol-1-yl)-3,3-dimethylbutan-2-one"	"253-775-4"	"38083-17-9"	"Face creams"	"Preservative"	""	"0.2 %"	""	""	""	"For use other than as a preservative, see Annex III, No. 310From 27 November 2019 cosmetic products containing 1-(4-Chlorophenoxy)-1-(imidazol-1-yl)-3,3-dimethylbutan-2-one and not complying with those conditions shall not be placed on the Union marketFrom 27 February 2020 cosmetic products containing 1-(4-Chlorophenoxy)-1-(imidazol-1-yl)-3,3-dimethylbutan-2-one and not complying with those conditions shall not be made available on the Union market"	
"1-(4-Chlorophenoxy)-1-(imidazol-1-yl)-3,3-dimethylbutan-2-one"	"253-775-4"	"38083-17-9"	"32"	"1-(4-Chlorophenoxy)-1-(imidazol-1-yl)-3,3-dimethylbutan-2-one"	"253-775-4"	"38083-17-9"	"Rinse-off shampoo"	"Preservative"	""	"0.5 %"	""	""	""	"For use other than as a preservative, see Annex III, No. 310From 27 November 2019 cosmetic products containing 1-(4-Chlorophenoxy)-1-(imidazol-1-yl)-3,3-dimethylbutan-2-one and not complying with those conditions shall not be placed on the Union marketFrom 27 February 2020 cosmetic products containing 1-(4-Chlorophenoxy)-1-(imidazol-1-yl)-3,3-dimethylbutan-2-one and not complying with those conditions shall not be made available on the Union market"	
"1-(4-Chlorophenoxy)-1-(imidazol-1-yl)-3,3-dimethylbutan-2-one"	"253-775-4"	"38083-17-9"	"32"	"1-(4-Chlorophenoxy)-1-(imidazol-1-yl)-3,3-dimethylbutan-2-one"	"253-775-4"	"38083-17-9"	"Foot care products"	"Preservative"	""	"0.2 %"	""	""	""	"For use other than as a preservative, see Annex III, No. 310From 27 November 2019 cosmetic products containing 1-(4-Chlorophenoxy)-1-(imidazol-1-yl)-3,3-dimethylbutan-2-one and not complying with those conditions shall not be placed on the Union marketFrom 27 February 2020 cosmetic products containing 1-(4-Chlorophenoxy)-1-(imidazol-1-yl)-3,3-dimethylbutan-2-one and not complying with those conditions shall not be made available on the Union market"	
"1-(4-Chlorophenyl)-3-(3,4-dichlorophenyl) urea"	"202-924-1"	"101-20-2"	"23"	"1-(4-Chlorophenyl)-3-(3,4-dichlorophenyl) urea"	"202-924-1"	"101-20-2"	"All cosmetic products with the exception of mouthwash"	"Preservative"	"Purity criteria: 3,3&#39;,4,4&#39;-Tetrachloroazobenzene ≤ 1 ppm, 3,3&#39;,4,4&#39;-Tetrachloroazoxybenzene ≤ 1 ppmNot to be used in toothpaste intended for children under 6 years of age"	"0.2 %"	""	""	"For toothpaste containing the substance the following labelling is obligatory: &#39;&#39;Not to be used for children under 6 years of age&#39;&#39;"	"Cosmetic products containing that substance that do not comply with the conditions may, provided that they comply with the conditions applicable on 23 April 2024, be placed on the Union market until 31 December 2024 and, if they have already been placed on the market before that date, continue to be made available on the Union market until 31 October 2025For use other than as a preservative, see Annex III, No. 100"	
"1-Hydroxy-4-methyl-6-(2,4,4-trimethylpentyl) 2-pyridon"	"-"	"50650-76-5"	"35"	"1-Hydroxy-4-methyl-6-(2,4,4-trimethylpentyl) 2-pyridon"	""	"50650-76-5"	"Rinse-off products"	"Preservative"	"Maximum concentration value is given for &#39;1-Hydroxy-4-methyl-6-(2,4,4-trimethylpentyl) 2-pyridon and its monoethanolamine salt&#39;"	"1 %"	""	""	""	""	
"1-Hydroxy-4-methyl-6-(2,4,4-trimethylpentyl) 2-pyridon"	"-"	"50650-76-5"	"35"	"1-Hydroxy-4-methyl-6-(2,4,4-trimethylpentyl) 2-pyridon"	""	"50650-76-5"	"Cosmetic products other than rinse-off products"	"Preservative"	"Maximum concentration value is given for &#39;1-Hydroxy-4-methyl-6-(2,4,4-trimethylpentyl) 2-pyridon and its monoethanolamine salt&#39;"	"0.5 %"	""	""	""	""	
"1-Hydroxy-4-methyl-6-(2,4,4-trimethylpentyl) 2-pyridon, monoethanolamine salt"	"272-574-2"	"68890-66-4"	"35"	"1-Hydroxy-4-methyl-6-(2,4,4-trimethylpentyl) 2-pyridon, monoethanolamine salt"	"272-574-2"	"68890-66-4"	"Rinse-off products"	"Preservative"	"Maximum concentration value is given for &#39;1-Hydroxy-4-methyl-6-(2,4,4-trimethylpentyl) 2-pyridon and its monoethanolamine salt&#39;"	"1 %"	""	""	""	""	
"1-Hydroxy-4-methyl-6-(2,4,4-trimethylpentyl) 2-pyridon, monoethanolamine salt"	"272-574-2"	"68890-66-4"	"35"	"1-Hydroxy-4-methyl-6-(2,4,4-trimethylpentyl) 2-pyridon, monoethanolamine salt"	"272-574-2"	"68890-66-4"	"Cosmetic products other than rinse-off products"	"Preservative"	"Maximum concentration value is given for &#39;1-Hydroxy-4-methyl-6-(2,4,4-trimethylpentyl) 2-pyridon and its monoethanolamine salt&#39;"	"0.5 %"	""	""	""	""	
"1-Phenoxypropan-2-ol"	"212-222-7"	"770-35-4"	"43"	"1-Phenoxypropan-2-ol"	"212-222-7"	"770-35-4"	"Rinse-off products"	"Preservative"	"Only for rinse-off products"	"1 %"	""	""	""	"For use other than as a preservative, see Annex III, No. 54"	
"10-Undecenoic acid, calcium salt"	"215-331-8"	"1322-14-1"	"18"	"10-Undecenoic acid, calcium salt"	"215-331-8"	"1322-14-1"	"All cosmetic products"	"Preservative"	"Maximum concentration value is given for &#39;Undec-10-enoic acid and its salts&#39;"	"0.2 %"	""	"As acid"	""	""	
"10-Undecenoic, sodium salt"	"222-264-8"	"3398-33-2"	"18"	"10-Undecenoic, sodium salt"	"222-264-8"	"3398-33-2"	"All cosmetic products"	"Preservative"	"Maximum concentration value is given for &#39;Undec-10-enoic acid and its salts&#39;"	"0.2 %"	""	"As acid"	""	""	
"2,2'-Methylenebis(6-bromo-4-chlorophenol)"	"239-446-8"	"15435-29-7"	"37"	"2,2&#39;-Methylenebis(6-bromo-4-chlorophenol)"	"239-446-8"	"15435-29-7"	"All cosmetic products"	"Preservative"	""	"0.1 %"	""	""	""	""	
"2,4-Dichlorobenzyl alcohol"	"217-210-5"	"1777-82-8"	"22"	"2,4-Dichlorobenzyl alcohol"	"217-210-5"	"1777-82-8"	"All cosmetic products"	"Preservative"	""	"0.15 %"	""	""	""	""	
"2-Methyl-2H-isothiazol-3-one"	"220-239-6"	"2682-20-4"	"57"	"2-Methyl-2H-isothiazol-3-one"	"220-239-6"	"2682-20-4"	"Rinse-off products"	"Preservative"	""	"0.0015 %"	""	""	""	"Methylisothiazolinone is also regulated in entry 39 in a mixture with Methylchloroisothiazolinone. The two entries are mutually exclusive: the use of the mixture of Methylchloroisothiazolinone (and) Methylisothiazolinone is incompatible with the use of Methylisothiazolinone alone in the same product"	
"2-Phenoxyethanol"	"204-589-7"	"122-99-6"	"29"	"2-Phenoxyethanol"	"204-589-7"	"122-99-6"	"All cosmetic products"	"Preservative"	""	"1 %"	""	""	""	""	
"3,3'-Dibromo-4,4'-hexamethylenedioxydi-benzamidine"	"-"	"93856-82-7"	"15"	"3,3&#39;-Dibromo-4,4&#39;-hexamethylenedioxydi-benzamidine"	""	"93856-82-7"	"All cosmetic products"	"Preservative"	"Maximum concentration value is given for &#39;3,3&#39;-Dibromo-4,4&#39;-hexamethylenedioxydi-benzamidine and its salts&#39;"	"0.1 %"	""	""	""	""	
"3,3'-Dibromo-4,4'-hexamethylenedioxydi-benzamidine isethionate"	"299-116-4"	"93856-83-8"	"15"	"3,3&#39;-Dibromo-4,4&#39;-hexamethylenedioxydi-benzamidine isethionate"	"299-116-4"	"93856-83-8"	"All cosmetic products"	"Preservative"	""	"0.1 %"	""	""	""	""	
"3-(p-Chlorophenoxy)-propane-1,2-diol"	"203-192-6"	"104-29-0"	"50"	"3-(p-Chlorophenoxy)-propane-1,2-diol"	"203-192-6"	"104-29-0"	"All cosmetic products"	"Preservative"	""	"0.3 %"	""	""	""	""	
"3-Acetyl-6-methylpyran-2,4(3H)-dione"	"208-293-9"	"520-45-6"	"13"	"3-Acetyl-6-methylpyran-2,4(3H)-dione"	"208-293-9"	"520-45-6"	"All cosmetic products"	"Preservative"	"Maximum concentration value is given for &#39;3-Acetyl-6-methylpyran-2,4 (3H)-dione and its salts&#39;Not to be used in aerosol dispensers (sprays)"	"0.6 %"	""	"As acid"	""	""	
"3-Iodo-2-propynylbutylcarbamate"	"259-627-5"	"55406-53-6"	"56"	"3-Iodo-2-propynylbutylcarbamate"	"259-627-5"	"55406-53-6"	"Leave-on products except oral and lip products, body lotion and body cream, products for children under 3 years of age"	"Preservative"	"Not to be used in oral and lip productsNot to be used in body lotion and body creamNot to be used in products for children under 3 years of age"	"0.01 %"	""	""	"Not to be used for children under 3 years of age."	"Wording of conditions of use and warnings is used solely for products which might be used for children under 3 years of ageConcerns any product aimed to be applied on a large part of the body"	
"3-Iodo-2-propynylbutylcarbamate"	"259-627-5"	"55406-53-6"	"56"	"3-Iodo-2-propynylbutylcarbamate"	"259-627-5"	"55406-53-6"	"Deodorants/anti-perspirants"	"Preservative"	"Not to be used in oral and lip productsNot to be used in products for children under 3 years of age"	"0.0075 %"	""	""	"Not to be used for children under 3 years of age."	"Wording of conditions of use and warnings is used solely for products which might be used for children under 3 years of age"	
"3-Iodo-2-propynylbutylcarbamate"	"259-627-5"	"55406-53-6"	"56"	"3-Iodo-2-propynylbutylcarbamate"	"259-627-5"	"55406-53-6"	"Rinse-off products other than oral and lip products, products for children under 3 years of age except in bath products/shower gels and shampoo"	"Preservative"	"Not to be used in oral and lip productsNot to be used in products for children under 3 years of age, except in bath products/shower gels and shampoo"	"0.02 %"	""	""	"Not to be used for children under 3 years of age."	"Wording of conditions of use and warnings is used solely for products which might be used for children under 3 years of ageOther than bath products/shower gels and shampoo"	
"4,4-Dimethyl-1,3-oxazolidine"	"257-048-2"	"51200-87-4"	"45"	"4,4-Dimethyl-1,3-oxazolidine"	"257-048-2"	"51200-87-4"	"All cosmetic products"	"Preservative"	"pH must be greater than 6"	"0.1 %"	""	""	""	""	
"4-(3-Ethoxy-4-hydroxyphenyl)-2-butanone"	"810-128-6"	"569646-79-3"	"60"	"4-(3-Ethoxy-4-hydroxyphenyl)butan-2-one"	"933-435-8"	"569646-79-3"	"All cosmetic products"	"Preservative"	""	"0.7 %"	""	""	""	""	
"4-Hydroxybenzoic acid"	"202-804-9"	"99-96-7"	"12"	"4-Hydroxybenzoic acid"	"202-804-9"	"99-96-7"	"All cosmetic products"	"Preservative"	"Maximum concentration value is given for &#39;4-Hydroxybenzoic acid and its Methyl-and Ethyl-esters, and their salts&#39;"	"0.4 %"	"For single ester"	"As acid"	""	"Maximum concentration is for single ester"	
"4-Isopropyl-m-cresol"	"221-761-7"	"3228-02-2"	"38"	"4-Isopropyl-m-cresol"	"221-761-7"	"3228-02-2"	"All cosmetic products"	"Preservative"	""	"0.1 %"	""	""	""	""	
"5-Bromo-5-nitro-1,3-dioxane"	"250-001-7"	"30007-47-7"	"20"	"5-Bromo-5-nitro-1,3-dioxane"	"250-001-7"	"30007-47-7"	"Rinse-off products"	"Preservative"	"Avoid formation of nitrosamines"	"0.1 %"	""	""	""	"All finished products containing substances which are listed in this Annex and which release formaldehyde shall be labelled with the warning &#39;&#39;releases formaldehyde&#39;&#39; where the total concentration of formaldehyde released in the finished product exceeds 0,001 % (10 ppm), irrespective of whether the finished product contains one or more substances releasing formaldehyde. However, all finished products containing substances referred to in the first subparagraph which comply with Regulation (EC) No 1223/2009 as applicable on 30 July 2022 may be placed on the Union market until 31 July 2024 and be made available on the Union market until 31 July 2026"	
"5-Chloro-2-(2,4-dichlorophenoxy) phenol"	"222-182-2"	"3380-34-5"	"25"	"5-Chloro-2-(2,4-dichlorophenoxy) phenol"	"222-182-2"	"3380-34-5"	"Hand soap"	"Preservative"	"Not to be used in toothpaste intended for children under 3 years of age"	"0.3 %"	""	""	"For toothpaste containing the substance the following labelling is obligatory: &#39;&#39;Not to be used for children under 3 years of age&#39;&#39;"	"Cosmetic products containing that substance that do not comply with the conditions may, provided that they comply with the conditions applicable on 23 April 2024, be placed on the Union market until 31 December 2024 and, if they have already been placed on the market before that date, continue to be made available on the Union market until 31 October 2025For use other than as a preservative, see Annex III, No. 100"	
"5-Chloro-2-(2,4-dichlorophenoxy) phenol"	"222-182-2"	"3380-34-5"	"25"	"5-Chloro-2-(2,4-dichlorophenoxy) phenol"	"222-182-2"	"3380-34-5"	"Body soap/Shower gel"	"Preservative"	"Not to be used in toothpaste intended for children under 3 years of age"	"0.3 %"	""	""	"For toothpaste containing the substance the following labelling is obligatory: &#39;&#39;Not to be used for children under 3 years of age&#39;&#39;"	"Cosmetic products containing that substance that do not comply with the conditions may, provided that they comply with the conditions applicable on 23 April 2024, be placed on the Union market until 31 December 2024 and, if they have already been placed on the market before that date, continue to be made available on the Union market until 31 October 2025For use other than as a preservative, see Annex III, No. 100"	
"5-Chloro-2-(2,4-dichlorophenoxy) phenol"	"222-182-2"	"3380-34-5"	"25"	"5-Chloro-2-(2,4-dichlorophenoxy) phenol"	"222-182-2"	"3380-34-5"	"Nail products for cleaning the fingernails and toenails before the application of artificial nail systems"	"Preservative"	"Not to be used in toothpaste intended for children under 3 years of age"	"0.3 %"	""	""	"For toothpaste containing the substance the following labelling is obligatory: &#39;&#39;Not to be used for children under 3 years of age&#39;&#39;"	"Cosmetic products containing that substance that do not comply with the conditions may, provided that they comply with the conditions applicable on 23 April 2024, be placed on the Union market until 31 December 2024 and, if they have already been placed on the market before that date, continue to be made available on the Union market until 31 October 2025For use other than as a preservative, see Annex III, No. 100"	
"5-Chloro-2-(2,4-dichlorophenoxy) phenol"	"222-182-2"	"3380-34-5"	"25"	"5-Chloro-2-(2,4-dichlorophenoxy) phenol"	"222-182-2"	"3380-34-5"	"Face powders and blemish concealers"	"Preservative"	"Not to be used in toothpaste intended for children under 3 years of age"	"0.3 %"	""	""	"For toothpaste containing the substance the following labelling is obligatory: &#39;&#39;Not to be used for children under 3 years of age&#39;&#39;"	"Cosmetic products containing that substance that do not comply with the conditions may, provided that they comply with the conditions applicable on 23 April 2024, be placed on the Union market until 31 December 2024 and, if they have already been placed on the market before that date, continue to be made available on the Union market until 31 October 2025For use other than as a preservative, see Annex III, No. 100"	
"5-Chloro-2-(2,4-dichlorophenoxy) phenol"	"222-182-2"	"3380-34-5"	"25"	"5-Chloro-2-(2,4-dichlorophenoxy) phenol"	"222-182-2"	"3380-34-5"	"Toothpaste"	"Preservative"	"Not to be used in toothpaste intended for children under 3 years of age"	"0.3 %"	""	""	"For toothpaste containing the substance the following labelling is obligatory: &#39;&#39;Not to be used for children under 3 years of age&#39;&#39;"	"Cosmetic products containing that substance that do not comply with the conditions may, provided that they comply with the conditions applicable on 23 April 2024, be placed on the Union market until 31 December 2024 and, if they have already been placed on the market before that date, continue to be made available on the Union market until 31 October 2025For use other than as a preservative, see Annex III, No. 100"	
"5-Chloro-2-(2,4-dichlorophenoxy) phenol"	"222-182-2"	"3380-34-5"	"25"	"5-Chloro-2-(2,4-dichlorophenoxy) phenol"	"222-182-2"	"3380-34-5"	"Non-spray deodorants"	"Preservative"	"Not to be used in toothpaste intended for children under 3 years of age"	"0.3 %"	""	""	"For toothpaste containing the substance the following labelling is obligatory: &#39;&#39;Not to be used for children under 3 years of age&#39;&#39;"	"Cosmetic products containing that substance that do not comply with the conditions may, provided that they comply with the conditions applicable on 23 April 2024, be placed on the Union market until 31 December 2024 and, if they have already been placed on the market before that date, continue to be made available on the Union market until 31 October 2025For use other than as a preservative, see Annex III, No. 100"	
"5-Ethyl-3,7-dioxa-1-azabicyclo [3.3.0] octane"	"231-810-4"	"7747-35-5"	"49"	"5-Ethyl-3,7-dioxa-1-azabicyclo [3.3.0] octane"	"231-810-4"	"7747-35-5"	"All cosmetic products except oral products and products applied on mucous membranes"	"Preservative"	"Not to be used in oral products and in products applied on mucous membranes"	"0.3 %"	""	""	""	"All finished products containing substances which are listed in this Annex and which release formaldehyde shall be labelled with the warning &#39;&#39;releases formaldehyde&#39;&#39; where the total concentration of formaldehyde released in the finished product exceeds 0,001 % (10 ppm), irrespective of whether the finished product contains one or more substances releasing formaldehyde. However, all finished products containing substances referred to in the first subparagraph which comply with Regulation (EC) No 1223/2009 as applicable on 30 July 2022 may be placed on the Union market until 31 July 2024 and be made available on the Union market until 31 July 2026"	
"5-Pyrimidinamine, 1,3-bis (2-ethylhexyl) hexahydro-5-methyl-"	"205-513-5"	"141-94-6"	"19"	"5-Pyrimidinamine, 1,3-bis (2-ethylhexyl) hexahydro-5-methyl-"	"205-513-5"	"141-94-6"	"All cosmetic products"	"Preservative"	""	"0.1 %"	""	""	""	""	
"Alkyl (C 12-22) trimethyl ammonium bromide and chloride"	"-"	"-"	"44"	"Alkyl (C 12-22) trimethyl ammonium bromide and chloride"	""	""	"All cosmetic products"	"Preservative"	""	"0.1 %"	""	""	""	""	
"Ammonium benzoate"	"217-468-9"	"1863-63-4"	"1a"	"Ammonium benzoate"	"217-468-9"	"1863-63-4"	"All cosmetic products"	"Preservative"	"Maximum concentration value is given for &#39;Salts of benzoic acid other than that listed under reference number 1 and esters of benzoic acid&#39;"	"0.5 %"	""	"As acid"	""	""	
"Ammonium bisulfite"	"233-469-7"	"10192-30-0"	"9"	"Ammonium bisulfite"	"233-469-7"	"10192-30-0"	"All cosmetic products"	"Preservative"	"Maximum concentration value is given for &#39;Inorganic sulphites and hydrogen sulphites&#39;"	"0.2 %"	""	"As free SO2"	""	"For use other than as a preservative, see Annex III, No. 99"	
"Ammonium propionate"	"241-503-7"	"17496-08-1"	"2"	"Ammonium propionate"	"241-503-7"	"17496-08-1"	"All cosmetic products"	"Preservative"	"Maximum concentration value is given for &#39;Propionic acid and its salts&#39;"	"2 %"	""	"As acid"	""	""	
"Ammonium sulfite"	"233-484-9"	"10196-04-0"	"9"	"Ammonium sulfite"	"233-484-9"	"10196-04-0"	"All cosmetic products"	"Preservative"	"Maximum concentration value is given for &#39;Inorganic sulphites and hydrogen sulphites&#39;"	"0.2 %"	""	"As free SO2"	""	"For use other than as a preservative, see Annex III, No. 99"	
"Behentrimonium chloride"	"241-327-0"	"17301-53-0"	"44"	"Behentrimonium chloride"	"241-327-0"	"17301-53-0"	"All cosmetic products"	"Preservative"	"Maximum concentration value is given for &#39;Alkyl (C 12-22) trimethyl ammonium bromide and chloride&#39;"	"0.1 %"	""	""	""	"For use other than as a preservative, see Annex III, No 287"	
"Benzalkonium bromide"	"293-522-5"	"91080-29-4"	"54"	"Benzalkonium bromide"	"293-522-5"	"91080-29-4"	"All cosmetic products"	"Preservative"	"Maximum concentration value is given for &#39;Benzalkonium chloride, bromide and saccharinate&#39;"	"0.1 %"	""	"As benzalkonium chloride"	"Avoid contact with eyes."	"For use other than as a preservative, see Annex III, No. 65"	
"Benzalkonium chloride"	"616-786-9"	"8001-54-5"	"54"	"Benzalkonium chloride"	""	"8001-54-5"	"All cosmetic products"	"Preservative"	"Maximum concentration value is given for &#39;Benzalkonium chloride, bromide and saccharinate&#39;"	"0.1 %"	""	"As benzalkonium chloride"	"Avoid contact with eyes."	"For use other than as a preservative, see Annex III, No. 65"	
"Benzenecarboximidamide, 4,4'-(1,6-hexanediylbis (oxy))bis-"	"-"	"3811-75-4"	"47"	"Benzenecarboximidamide, 4,4&#39;-(1,6-hexanediylbis (oxy))bis-"	""	"3811-75-4"	"All cosmetic products"	"Preservative"	"Maximum concentration value is given for &#39;Benzenecarboximidamide, 4,4&#39;-(1,6-hexanediylbis (oxy))bis- and its salts&#39;"	"0.1 %"	""	""	""	""	
"Benzenemethanaminium, N,N-dimethyl-N-[2-[2-[4-(1,1,3,3-tetramethylbutyl)phenoxy]ethoxy]ethyl]-, chloride"	"204-479-9"	"121-54-0"	"53"	"Benzenemethanaminium, N,N-dimethyl-N-[2-[2-[4-(1,1,3,3-tetramethylbutyl)phenoxy]ethoxy]ethyl]-, chloride"	"204-479-9"	"121-54-0"	"Leave-on products other than oral products"	"Preservative"	""	"0.1 %"	""	""	""	""	
"Benzenemethanaminium, N,N-dimethyl-N-[2-[2-[4-(1,1,3,3-tetramethylbutyl)phenoxy]ethoxy]ethyl]-, chloride"	"204-479-9"	"121-54-0"	"53"	"Benzenemethanaminium, N,N-dimethyl-N-[2-[2-[4-(1,1,3,3-tetramethylbutyl)phenoxy]ethoxy]ethyl]-, chloride"	"204-479-9"	"121-54-0"	"Rinse-off products"	"Preservative"	""	"0.1 %"	""	""	""	""	
"Benzoic acid"	"200-618-2"	"65-85-0"	"1"	"Benzoic acid"	"200-618-2"	"65-85-0"	"Oral products"	"Preservative"	"Maximum concentration value is given for &#39;Benzoic acid and its sodium salt&#39;"	"1.7 %"	""	"As acid"	""	""	
"Benzoic acid"	"200-618-2"	"65-85-0"	"1"	"Benzoic acid"	"200-618-2"	"65-85-0"	"Rinse-off products excluding oral products"	"Preservative"	"Maximum concentration value is given for &#39;Benzoic acid and its sodium salt&#39;"	"2.5 %"	""	"As acid"	""	""	
"Benzoic acid"	"200-618-2"	"65-85-0"	"1"	"Benzoic acid"	"200-618-2"	"65-85-0"	"Leave-on products"	"Preservative"	"Maximum concentration value is given for &#39;Benzoic acid and its sodium salt&#39;"	"0.5 %"	""	"As acid"	""	""	
"Benzyl alcohol"	"202-859-9"	"100-51-6"	"34"	"Benzyl alcohol"	"202-859-9"	"100-51-6"	"All cosmetic products"	"Preservative"	""	"1 %"	""	""	""	"For other uses than preservatives, see Annex III, entry No 45"	
"Biphenyl-2-ol"	"201-993-5"	"90-43-7"	"7"	"Biphenyl-2-ol"	"201-993-5"	"90-43-7"	"Rinse-off products"	"Preservative"	""	"0.2 %"	""	"As phenol"	"Avoid contact with eyes."	"From 17 June 2019 cosmetic products containing Biphenyl-2-ol and not complying with those conditions shall not be placed on the Union market. From 17 September 2019 cosmetic products containing Biphenyl-2-ol and not complying with those conditions shall not be made available on the Union market"	
"Biphenyl-2-ol"	"201-993-5"	"90-43-7"	"7"	"Biphenyl-2-ol"	"201-993-5"	"90-43-7"	"Leave-on products"	"Preservative"	""	"0.15 %"	""	"As phenol"	"Avoid contact with eyes."	"From 17 June 2019 cosmetic products containing Biphenyl-2-ol and not complying with those conditions shall not be placed on the Union market. From 17 September 2019 cosmetic products containing Biphenyl-2-ol and not complying with those conditions shall not be made available on the Union market"	
"Bronopol"	"200-143-0"	"52-51-7"	"21"	"Bronopol"	"200-143-0"	"52-51-7"	"All cosmetic products"	"Preservative"	"Avoid formation of nitrosamines"	"0.1 %"	""	""	""	"All finished products containing substances which are listed in this Annex and which release formaldehyde shall be labelled with the warning &#39;&#39;releases formaldehyde&#39;&#39; where the total concentration of formaldehyde released in the finished product exceeds 0,001 % (10 ppm), irrespective of whether the finished product contains one or more substances releasing formaldehyde. However, all finished products containing substances referred to in the first subparagraph which comply with Regulation (EC) No 1223/2009 as applicable on 30 July 2022 may be placed on the Union market until 31 July 2024 and be made available on the Union market until 31 July 2026"	
"Butyl 4-hydroxybenzoate"	"202-318-7"	"94-26-8"	"12a"	"Butyl 4-hydroxybenzoate"	"202-318-7"	"94-26-8"	"All cosmetic products"	"Preservative"	"Maximum concentration value is given for &#39;Butyl 4-hydroxybenzoate and its salts, Propyl 4-hydroxybenzoate and its salts&#39;Not to be used in leave-on products designed for application on the nappy area of children under three years of age"	"0.14 %"	"For sum of the individual concentrations"	"As acid"	"For leave-on products designed for children under three years of age: &#39;&#39;Do not use on the nappy area&#39;&#39;."	"Maximum concentration is for the sum of the individual concentrations"	
"Butyl 4-hydroxybenzoate"	"202-318-7"	"94-26-8"	"12a"	"Butyl 4-hydroxybenzoate"	"202-318-7"	"94-26-8"	"All cosmetic products"	"Preservative"	"Maximum concentration value is given for &#39;Butyl 4-hydroxybenzoate and its salts, Propyl 4-hydroxybenzoate and its salts, 4-Hydroxybenzoic acid and its Methyl-and Ethyl-esters, and their salts&#39;Not to be used in leave-on products designed for application on the nappy area of children under three years of age"	"0.8 %"	"For mixtures of substances mentioned in entry 12 and 12a, where the sum of the individual concentrations of butyl- and propylparaben and their salts does not exceed 0,14 %"	"As acid"	"For leave-on products designed for children under three years of age: &#39;&#39;Do not use on the nappy area&#39;&#39;."	"Maximum concentration is for mixtures of substances mentioned in entry 12 and 12a, where the sum of the individual concentrations of butyl- and propylparaben and their salts does not exceed 0.14%"	
"Butyl benzoate"	"205-252-7"	"136-60-7"	"1a"	"Butyl benzoate"	"205-252-7"	"136-60-7"	"All cosmetic products"	"Preservative"	"Maximum concentration value is given for &#39;Salts of benzoic acid other than that listed under reference number 1 and esters of benzoic acid&#39;"	"0.5 %"	""	"As acid"	""	""	
"C8-18-Alkydimethylbenzyl ammonium chlorides"	"264-151-6"	"63449-41-2"	"54"	"C8-18-Alkydimethylbenzyl ammonium chlorides"	"264-151-6"	"63449-41-2"	"All cosmetic products"	"Preservative"	"Maximum concentration value is given for &#39;Benzalkonium chloride, bromide and saccharinate&#39;"	"0.1 %"	""	"As benzalkonium chloride"	"Avoid contact with eyes."	"For use other than as a preservative, see Annex III, No. 65"	
"Calcium benzoate"	"218-235-4"	"2090-05-3"	"1a"	"Calcium benzoate"	"218-235-4"	"2090-05-3"	"All cosmetic products"	"Preservative"	"Maximum concentration value is given for &#39;Salts of benzoic acid other than that listed under reference number 1 and esters of benzoic acid&#39;"	"0.5 %"	""	"As acid"	""	""	
"Calcium paraben"	"274-235-4"	"69959-44-0"	"12"	"Calcium paraben"	"274-235-4"	"69959-44-0"	"All cosmetic products"	"Preservative"	"Maximum concentration value is given for &#39;4-Hydroxybenzoic acid and its Methyl-and Ethyl-esters, and their salts&#39;"	"0.4 %"	"For single ester"	"As acid"	""	""	
"Calcium propionate"	"223-795-8"	"4075-81-4"	"2"	"Calcium propionate"	"223-795-8"	"4075-81-4"	"All cosmetic products"	"Preservative"	"Maximum concentration value is given for &#39;Propionic acid and its salts&#39;"	"2 %"	""	"As acid"	""	""	
"Calcium salicylate"	"212-525-4"	"824-35-1"	"3"	"Calcium salicylate"	"212-525-4"	"824-35-1"	"Cosmetic products other than products for children under 3 years of age, except for shampoos"	"Preservative"	"Maximum concentration value is given for &#39;Salicylic acid and its salts&#39;Not to be used in products for children under 3 years of age, except for shampoos"	"0.5 %"	""	"As acid"	"Not to be used for children under 3 years of age."	"For use other than as a preservative, see Annex III, No. 98Wording of conditions of use and warnings is used solely for products which might be used for children under 3 years of age and which remain in prolonged contact with the skin"	
"Calcium sorbate"	"231-321-6"	"7492-55-9"	"4"	"Calcium sorbate"	"231-321-6"	"7492-55-9"	"All cosmetic products"	"Preservative"	"Maximum concentration value is given for &#39;Hexa-2,4-dienoic acid and its salts&#39;"	"0.6 %"	""	"As acid"	""	""	
"Cetrimonium bromide"	"200-311-3"	"57-09-0"	"44"	"Cetrimonium bromide"	"200-311-3"	"57-09-0"	"All cosmetic products"	"Preservative"	"Maximum concentration value is given for &#39;Alkyl (C 12-22) trimethyl ammonium bromide and chloride&#39;"	"0.1 %"	""	""	""	""	
"Cetrimonium chloride"	"203-928-6"	"112-02-7"	"44"	"Cetrimonium chloride"	"203-928-6"	"112-02-7"	"All cosmetic products"	"Preservative"	"Maximum concentration value is given for &#39;Alkyl (C 12-22) trimethyl ammonium bromide and chloride&#39;"	"0.1 %"	""	""	""	"For use other than as a preservative, see Annex III, No 286"	
"Chloro-xylenol"	"201-793-8"	"88-04-0"	"26"	"Chloro-xylenol"	"201-793-8"	"88-04-0"	"All cosmetic products"	"Preservative"	""	"0.5 %"	""	""	""	""	
"Chlorobutanol"	"200-317-6"	"57-15-8"	"11"	"Chlorobutanol"	"200-317-6"	"57-15-8"	"All cosmetic products"	"Preservative"	"Not to be used in aerosol dispensers (sprays)"	"0.5 %"	""	""	"Contains Chlorobutanol."	""	
"Chlorocresol"	"200-431-6"	"59-50-7"	"24"	"Chlorocresol"	"200-431-6"	"59-50-7"	"All cosmetic products except products applied on mucuous membranes"	"Preservative"	"Not to be used in products applied on mucuous membranes"	"0.2 %"	""	""	""	""	
"Dehydroacetic acid"	"-"	"16807-48-0"	"13"	"Dehydroacetic acid"	""	"16807-48-0"	"All cosmetic products"	"Preservative"	"Maximum concentration value is given for &#39;3-Acetyl-6-methylpyran-2,4 (3H)-dione and its salts&#39;Not to be used in aerosol dispensers (sprays)"	"0.6 %"	""	"As acid"	""	""	
"Esters of methyl, ethyl, propyl, isopropyl, butyl, isobutyl and phenyl of benzoic acid"	"-"	"-"	"1a"	"Esters of methyl, ethyl, propyl, isopropyl, butyl, isobutyl and phenyl of benzoic acid"	""	""	"All cosmetic products"	"Preservative"	"Maximum concentration value is given for &#39;Salts of benzoic acid other than that listed under reference number 1 and esters of benzoic acid&#39;"	"0.5 %"	""	"As acid"	""	""	
"Ethyl benzoate"	"202-284-3"	"93-89-0"	"1a"	"Ethyl benzoate"	"202-284-3"	"93-89-0"	"All cosmetic products"	"Preservative"	"Maximum concentration value is given for &#39;Salts of benzoic acid other than that listed under reference number 1 and esters of benzoic acid&#39;"	"0.5 %"	""	"As acid"	""	""	
"Ethyl-N-alpha-dodecanoyl-L-arginate hydrochloride"	"434-630-6"	"60372-77-2"	"58"	"Ethyl-N-alpha-dodecanoyl-L-arginate hydrochloride"	"434-630-6"	"60372-77-2"	"All cosmetic products except lip products, oral products, and spray products"	"Preservative"	"Not to be used in lip products, oral products (other than mouthwashes), and spray products"	"0.4 %"	""	""	""	"For other uses than preservatives, see Annex III, entry No 197"	
"Ethyl-N-alpha-dodecanoyl-L-arginate hydrochloride"	"434-630-6"	"60372-77-2"	"58"	"Ethyl-N-alpha-dodecanoyl-L-arginate hydrochloride"	"434-630-6"	"60372-77-2"	"Mouthwashes"	"Preservative"	"Not to be used in preparations for children under 10 years of age"	"0.15 %"	""	""	"Not to be used for children under 10 years of age."	"For other uses than preservatives, see Annex III, entry No 197"	
"Ethylparaben"	"204-399-4"	"120-47-8"	"12"	"Ethylparaben"	"204-399-4"	"120-47-8"	"All cosmetic products"	"Preservative"	"Maximum concentration value is given for &#39;4-Hydroxybenzoic acid and its Methyl-and Ethyl-esters, and their salts&#39;"	"0.4 %"	"For single ester"	"As acid"	""	""	
"Formic acid"	"200-579-1"	"64-18-6"	"14"	"Formic acid"	"200-579-1"	"64-18-6"	"All cosmetic products"	"Preservative"	"Maximum concentration value is given for &#39;Formic acid and its sodium salt&#39;"	"0.5 %"	""	"As acid"	""	""	
"Glutaraldehyde;Pentane-1,5-dial"	"203-856-5"	"111-30-8"	"48"	"Pentane-1,5-dialGlutaraldehyde"	"203-856-5"	"111-30-8"	"All cosmetic products"	"Preservative"	"Not to be used in aerosols (sprays)"	"0.1 %"	""	""	"Contains Glutaral."	"Wording of conditions of use and warnings is used only if the concentration exceeds 0.05%"	
"Hexa-2,4-dienoic acid"	"203-768-7"	"110-44-1"	"4"	"Hexa-2,4-dienoic acid"	"203-768-7"	"110-44-1"	"All cosmetic products"	"Preservative"	"Maximum concentration value is given for &#39;Hexa-2,4-dienoic acid and its salts&#39;"	"0.6 %"	""	"As acid"	""	""	
"Hexamidine diisethionate"	"211-533-5"	"659-40-5"	"47"	"Hexamidine diisethionate"	"211-533-5"	"659-40-5"	"All cosmetic products"	"Preservative"	"Maximum concentration value is given for &#39;Benzenecarboximidamide, 4,4&#39;-(1,6-hexanediylbis (oxy))bis- and its salts&#39;"	"0.1 %"	""	""	""	""	
"Hexamidine paraben"	"299-055-3"	"93841-83-9"	"47"	"Hexamidine paraben"	"299-055-3"	"93841-83-9"	"All cosmetic products"	"Preservative"	"Maximum concentration value is given for &#39;Benzenecarboximidamide, 4,4&#39;-(1,6-hexanediylbis (oxy))bis- and its salts&#39;"	"0.1 %"	""	""	""	""	
"Inorganic sulphites and hydrogen sulphites"	"-"	"-"	"9"	"Inorganic sulphites and hydrogen sulphites"	""	""	"All cosmetic products"	"Preservative"	"Maximum concentration value is given for &#39;Inorganic sulphites and hydrogen sulphites&#39;"	"0.2 %"	""	"As free SO2"	""	"For use other than as a preservative, see Annex III, No. 99"	
"Isobutyl benzoate"	"204-401-3"	"120-50-3"	"1a"	"Isobutyl benzoate"	"204-401-3"	"120-50-3"	"All cosmetic products"	"Preservative"	"Maximum concentration value is given for &#39;Salts of benzoic acid other than that listed under reference number 1 and esters of benzoic acid&#39;"	"0.5 %"	""	"As acid"	""	""	
"Isopropyl benzoate"	"213-361-6"	"939-48-0"	"1a"	"Isopropyl benzoate"	"213-361-6"	"939-48-0"	"All cosmetic products"	"Preservative"	"Maximum concentration value is given for &#39;Salts of benzoic acid other than that listed under reference number 1 and esters of benzoic acid&#39;"	"0.5 %"	""	"As acid"	""	""	
"Laurtrimonium bromide"	"214-290-3"	"1119-94-4"	"44"	"Laurtrimonium bromide"	"214-290-3"	"1119-94-4"	"All cosmetic products"	"Preservative"	"Maximum concentration value is given for &#39;Alkyl (C 12-22) trimethyl ammonium bromide and chloride&#39;"	"0.1 %"	""	""	""	""	
"Laurtrimonium chloride"	"203-927-0"	"112-00-5"	"44"	"Laurtrimonium chloride"	"203-927-0"	"112-00-5"	"All cosmetic products"	"Preservative"	"Maximum concentration value is given for &#39;Alkyl (C 12-22) trimethyl ammonium bromide and chloride&#39;"	"0.1 %"	""	""	""	""	
"Magnesium benzoate"	"209-045-2"	"553-70-8"	"1a"	"Magnesium benzoate"	"209-045-2"	"553-70-8"	"All cosmetic products"	"Preservative"	"Maximum concentration value is given for &#39;Salts of benzoic acid other than that listed under reference number 1 and esters of benzoic acid&#39;"	"0.5 %"	""	"As acid"	""	""	
"Magnesium propionate"	"209-166-0"	"557-27-7"	"2"	"Magnesium propionate"	"209-166-0"	"557-27-7"	"All cosmetic products"	"Preservative"	"Maximum concentration value is given for &#39;Propionic acid and its salts&#39;"	"2 %"	""	"As acid"	""	""	
"Magnesium salicylate"	"242-669-3"	"18917-89-0"	"3"	"Magnesium salicylate"	"242-669-3"	"18917-89-0"	"Cosmetic products other than products for children under 3 years of age, except for shampoos"	"Preservative"	"Maximum concentration value is given for &#39;Salicylic acid and its salts&#39;Not to be used in products for children under 3 years of age, except for shampoos"	"0.5 %"	""	"As acid"	"Not to be used for children under 3 years of age."	"For use other than as a preservative, see Annex III, No. 98Wording of conditions of use and warnings is used solely for products which might be used for children under 3 years of age and which remain in prolonged contact with the skin"	
"MEA-benzoate"	"224-387-2"	"4337-66-0"	"1a"	"MEA-benzoate"	"224-387-2"	"4337-66-0"	"All cosmetic products"	"Preservative"	"Maximum concentration value is given for &#39;Salts of benzoic acid other than that listed under reference number 1 and esters of benzoic acid&#39;"	"0.5 %"	""	"As acid"	""	""	
"MEA-salicylate"	"261-963-2"	"59866-70-5"	"3"	"MEA-salicylate"	"261-963-2"	"59866-70-5"	"Cosmetic products other than products for children under 3 years of age, except for shampoos"	"Preservative"	"Maximum concentration value is given for &#39;Salicylic acid and its salts&#39;Not to be used in products for children under 3 years of age, except for shampoos"	"0.5 %"	""	"As acid"	"Not to be used for children under 3 years of age."	"For use other than as a preservative, see Annex III, No. 98Wording of conditions of use and warnings is used solely for products which might be used for children under 3 years of age and which remain in prolonged contact with the skin"	
"Methanol, (phenylmethoxy-)"	"238-588-8"	"14548-60-8"	"55"	"Methanol, (phenylmethoxy-)"	"238-588-8"	"14548-60-8"	"Rinse-off products"	"Preservative"	""	"0.15 %"	""	""	""	"All finished products containing substances which are listed in this Annex and which release formaldehyde shall be labelled with the warning &#39;&#39;releases formaldehyde&#39;&#39; where the total concentration of formaldehyde released in the finished product exceeds 0,001 % (10 ppm), irrespective of whether the finished product contains one or more substances releasing formaldehyde. However, all finished products containing substances referred to in the first subparagraph which comply with Regulation (EC) No 1223/2009 as applicable on 30 July 2022 may be placed on the Union market until 31 July 2024 and be made available on the Union market until 31 July 2026"	
"Methenamine"	"202-905-8"	"100-97-0"	"30"	"Methenamine"	"202-905-8"	"100-97-0"	"All cosmetic products"	"Preservative"	""	"0.15 %"	""	""	""	"All finished products containing substances which are listed in this Annex and which release formaldehyde shall be labelled with the warning &#39;&#39;releases formaldehyde&#39;&#39; where the total concentration of formaldehyde released in the finished product exceeds 0,001 % (10 ppm), irrespective of whether the finished product contains one or more substances releasing formaldehyde. However, all finished products containing substances referred to in the first subparagraph which comply with Regulation (EC) No 1223/2009 as applicable on 30 July 2022 may be placed on the Union market until 31 July 2024 and be made available on the Union market until 31 July 2026"	
"Methyl benzoate"	"202-259-7"	"93-58-3"	"1a"	"Methyl benzoate"	"202-259-7"	"93-58-3"	"All cosmetic products"	"Preservative"	"Maximum concentration value is given for &#39;Salts of benzoic acid other than that listed under reference number 1 and esters of benzoic acid&#39;"	"0.5 %"	""	"As acid"	""	""	
"Methylparaben"	"202-785-7"	"99-76-3"	"12"	"Methylparaben"	"202-785-7"	"99-76-3"	"All cosmetic products"	"Preservative"	"Maximum concentration value is given for &#39;4-Hydroxybenzoic acid and its Methyl-and Ethyl-esters, and their salts&#39;"	"0.4 %"	"For single ester"	"As acid"	""	""	
"Mixture of 5-Chloro-2-methyl-isothiazol-3(2H)-one and 2-methylisothiazol-3(2H)-one"	"611-341-5"	"55965-84-9"	"39"	"Mixture of 5-Chloro-2-methyl-isothiazol-3(2H)-one and 2-methylisothiazol-3(2H)-one"	""	"55965-84-9"	"Rinse-off products"	"Preservative"	"Maximum concentration value is given for &#39;Mixture of 5-Chloro-2-methyl-isothiazol-3(2H)-one and 2-methylisothiazol-3(2H)-one&#39;"	"0.0015 %"	"Of a mixture in the ratio 3:1 of 5-chloro-2-methylisothiazol 3(2H)-one and 2-methylisothiazol-3(2H)-one"	""	""	"Methylisothiazolinone is also regulated in entry 57. The two entries are mutually exclusive: the use of the mixture of Methylchloroisothiazolinone (and) Methylisothiazolinone is incompatible with the use of Methylisothiazolinone alone in the same product"	
"N,N''-bis(4-Chlorophenyl)-3,12-diimino-2,4,11,13-tetraazatetradecanediamidine"	"200-238-7"	"55-56-1"	"42"	"N,N&#39;&#39;-bis(4-Chlorophenyl)-3,12-diimino-2,4,11,13-tetraazatetradecanediamidine"	"200-238-7"	"55-56-1"	"All cosmetic products"	"Preservative"	"Maximum concentration value is given for &#39;N,N&#39;&#39;-bis(4-chlorophenyl)-3,12-diimino-2,4,11,13-tetraazatetradecanediamidine and its digluconate, diacetate and dihydrochloride&#39;"	"0.3 %"	""	"As chlorhexidine"	""	""	
"N,N''-bis(4-Chlorophenyl)-3,12-diimino-2,4,11,13-tetraazatetradecanediamidine diacetate"	"200-302-4"	"56-95-1"	"42"	"N,N&#39;&#39;-bis(4-Chlorophenyl)-3,12-diimino-2,4,11,13-tetraazatetradecanediamidine diacetate"	"200-302-4"	"56-95-1"	"All cosmetic products"	"Preservative"	"Maximum concentration value is given for &#39;N,N&#39;&#39;-bis(4-chlorophenyl)-3,12-diimino-2,4,11,13-tetraazatetradecanediamidine and its digluconate, diacetate and dihydrochloride&#39;"	"0.3 %"	""	"As chlorhexidine"	""	""	
"N,N''-bis(4-Chlorophenyl)-3,12-diimino-2,4,11,13-tetraazatetradecanediamidine digluconate"	"242-354-0"	"18472-51-0"	"42"	"N,N&#39;&#39;-bis(4-Chlorophenyl)-3,12-diimino-2,4,11,13-tetraazatetradecanediamidine digluconate"	"242-354-0"	"18472-51-0"	"All cosmetic products"	"Preservative"	"Maximum concentration value is given for &#39;N,N&#39;&#39;-bis(4-chlorophenyl)-3,12-diimino-2,4,11,13-tetraazatetradecanediamidine and its digluconate, diacetate and dihydrochloride&#39;"	"0.3 %"	""	"As chlorhexidine"	""	""	
"N,N''-bis(4-Chlorophenyl)-3,12-diimino-2,4,11,13-tetraazatetradecanediamidine dihydrochloride"	"223-026-6"	"3697-42-5"	"42"	"N,N&#39;&#39;-bis(4-Chlorophenyl)-3,12-diimino-2,4,11,13-tetraazatetradecanediamidine dihydrochloride"	"223-026-6"	"3697-42-5"	"All cosmetic products"	"Preservative"	"Maximum concentration value is given for &#39;N,N&#39;&#39;-bis(4-chlorophenyl)-3,12-diimino-2,4,11,13-tetraazatetradecanediamidine and its digluconate, diacetate and dihydrochloride&#39;"	"0.3 %"	""	"As chlorhexidine"	""	""	
"N,N''-Methylenebis[N'-[3-(hydroxymethyl)-2,5-dioxoimidazolidin-4-yl]urea]"	"254-372-6"	"39236-46-9"	"27"	"N,N&#39;&#39;-Methylenebis[N&#39;-[3-(hydroxymethyl)-2,5-dioxoimidazolidin-4-yl]urea]"	"254-372-6"	"39236-46-9"	"All cosmetic products"	"Preservative"	""	"0.6 %"	""	""	""	"All finished products containing substances which are listed in this Annex and which release formaldehyde shall be labelled with the warning &#39;&#39;releases formaldehyde&#39;&#39; where the total concentration of formaldehyde released in the finished product exceeds 0,001 % (10 ppm), irrespective of whether the finished product contains one or more substances releasing formaldehyde. However, all finished products containing substances referred to in the first subparagraph which comply with Regulation (EC) No 1223/2009 as applicable on 30 July 2022 may be placed on the Union market until 31 July 2024 and be made available on the Union market until 31 July 2026"	
"N-(Hydroxymethyl)-N-(dihydroxymethyl-1,3-dioxo-2,5-imidazolidinyl-4)-N'-(hydroxymethyl) urea"	"278-928-2"	"78491-02-8"	"46"	"N-(Hydroxymethyl)-N-(dihydroxymethyl-1,3-dioxo-2,5-imidazolidinyl-4)-N&#39;-(hydroxymethyl) urea"	"278-928-2"	"78491-02-8"	"All cosmetic products"	"Preservative"	""	"0.5 %"	""	""	""	"All finished products containing substances which are listed in this Annex and which release formaldehyde shall be labelled with the warning &#39;&#39;releases formaldehyde&#39;&#39; where the total concentration of formaldehyde released in the finished product exceeds 0,001 % (10 ppm), irrespective of whether the finished product contains one or more substances releasing formaldehyde. However, all finished products containing substances referred to in the first subparagraph which comply with Regulation (EC) No 1223/2009 as applicable on 30 July 2022 may be placed on the Union market until 31 July 2024 and be made available on the Union market until 31 July 2026"	
"N-Alkyl dimethyl benzyl ammonium chloride (C12-C18)"	"269-919-4"	"68391-01-5"	"54"	"N-Alkyl dimethyl benzyl ammonium chloride (C12-C18)"	"269-919-4"	"68391-01-5"	"All cosmetic products"	"Preservative"	"Maximum concentration value is given for &#39;Benzalkonium chloride, bromide and saccharinate&#39;"	"0.1 %"	""	"As benzalkonium chloride"	"Avoid contact with eyes."	"For use other than as a preservative, see Annex III, No. 65"	
"Phenyl benzoate"	"202-293-2"	"93-99-2"	"1a"	"Phenyl benzoate"	"202-293-2"	"93-99-2"	"All cosmetic products"	"Preservative"	"Maximum concentration value is given for &#39;Salts of benzoic acid other than that listed under reference number 1 and esters of benzoic acid&#39;"	"0.5 %"	""	"As acid"	""	""	
"Phenyl Mercuric Acetate"	"200-532-5"	"62-38-4"	"17"	"Phenyl Mercuric Acetate"	"200-532-5"	"62-38-4"	"Eye products"	"Preservative"	"If mixed with other mercurial compounds authorised by this Regulation, the maximum concentration of Hg remains fixed at 0.007%"	"0.007 %"	""	"As Hg"	"Contains Phenylmercuric compounds."	""	
"Phenyl Mercuric Benzoate"	"202-331-8"	"94-43-9"	"17"	"Phenyl Mercuric Benzoate"	"202-331-8"	"94-43-9"	"Eye products"	"Preservative"	"If mixed with other mercurial compounds authorised by this Regulation, the maximum concentration of Hg remains fixed at 0.007%"	"0.007 %"	""	"As Hg"	"Contains Phenylmercuric compounds."	""	
"Phenylmercuric salts (including borate)"	"-"	"-"	"17"	"Phenylmercuric salts (including borate)"	""	""	"Eye products"	"Preservative"	"If mixed with other mercurial compounds authorised by this Regulation, the maximum concentration of Hg remains fixed at 0.007%"	"0.007 %"	""	"As Hg"	"Contains Phenylmercuric compounds."	"For the purpose of this list: &#39;Salts&#39; is taken to mean: salts of the cations sodium, potassium, calcium, magnesium, ammonium and ethanolamines, Salts of the anions chloride, bromide, sulphate, acetate"	
"PHMB;Poly(hexamethylenebicyanoguanide-hexamethylenediamine) Hydrochloride"	"608-042-7"	"27083-27-8"	"28"	"Poly(hexamethylenebicyanoguanide-hexamethylenediamine) HydrochloridePHMB"	"608-042-7"	"27083-27-8"	"All cosmetic products"	"Preservative"	"Not to be used in applications that may lead to exposure of the end-user&#39;s lungs by inhalation"	"0.1 %"	""	""	""	""	
"Polyaminopropyl biguanide"	"640-037-5"	"133029-32-0"	"28"	"Polyaminopropyl biguanide"	""	"133029-32-0"	"All cosmetic products"	"Preservative"	"Not to be used in applications that may lead to exposure of the end-user&#39;s lungs by inhalation"	"0.1 %"	""	""	""	""	
"Polyaminopropyl biguanide hydrochloride"	"608-723-9"	"32289-58-0"	"28"	"Polyaminopropyl biguanide hydrochloride"	"608-723-9"	"32289-58-0"	"All cosmetic products"	"Preservative"	"Not to be used in applications that may lead to exposure of the end-user&#39;s lungs by inhalation"	"0.1 %"	""	""	""	""	
"Polyhexamethylene biguanide"	"923-111-4"	"28757-47-3"	"28"	"Polyhexamethylene biguanide"	"923-111-4"	"28757-47-3"	"All cosmetic products"	"Preservative"	"Not to be used in applications that may lead to exposure of the end-user&#39;s lungs by inhalation"	"0.1 %"	""	""	""	""	
"Potassium benzoate"	"209-481-3"	"582-25-2"	"1a"	"Potassium benzoate"	"209-481-3"	"582-25-2"	"All cosmetic products"	"Preservative"	"Maximum concentration value is given for &#39;Salts of benzoic acid other than that listed under reference number 1 and esters of benzoic acid&#39;"	"0.5 %"	""	"As acid"	""	""	
"Potassium butylparaben"	"254-009-1"	"38566-94-8"	"12a"	"Potassium butylparaben"	"254-009-1"	"38566-94-8"	"All cosmetic products"	"Preservative"	"Maximum concentration value is given for &#39;Butyl 4-hydroxybenzoate and its salts, Propyl 4-hydroxybenzoate and its salts&#39;Not to be used in leave-on products designed for application on the nappy area of children under three years of age"	"0.14 %"	"For sum of the individual concentrations"	"As acid"	"For leave-on products designed for children under three years of age: &#39;&#39;Do not use on the nappy area&#39;&#39;."	""	
"Potassium ethylparaben"	"253-048-1"	"36457-19-9"	"12"	"Potassium ethylparaben"	"253-048-1"	"36457-19-9"	"All cosmetic products"	"Preservative"	"Maximum concentration value is given for &#39;4-Hydroxybenzoic acid and its Methyl-and Ethyl-esters, and their salts&#39;"	"0.4 %"	"For single ester"	"As acid"	""	""	
"Potassium hydrogen sulfite"	"231-870-1"	"7773-03-7"	"9"	"Potassium hydrogen sulfite"	"231-870-1"	"7773-03-7"	"All cosmetic products"	"Preservative"	"Maximum concentration value is given for &#39;Inorganic sulphites and hydrogen sulphites&#39;"	"0.2 %"	""	"As free SO2"	""	"For use other than as a preservative, see Annex III, No. 99"	
"Potassium metabisulfite"	"240-795-3"	"16731-55-8"	"9"	"Potassium metabisulfite"	"240-795-3"	"16731-55-8"	"All cosmetic products"	"Preservative"	"Maximum concentration value is given for &#39;Inorganic sulphites and hydrogen sulphites&#39;"	"0.2 %"	""	"As free SO2"	""	"For use other than as a preservative, see Annex III, No. 99"	
"Potassium methylparaben"	"247-464-2"	"26112-07-2"	"12"	"Potassium methylparaben"	"247-464-2"	"26112-07-2"	"All cosmetic products"	"Preservative"	"Maximum concentration value is given for &#39;4-Hydroxybenzoic acid and its Methyl-and Ethyl-esters, and their salts&#39;"	"0.4 %"	"For single ester"	"As acid"	""	""	
"Potassium paraben"	"240-830-2"	"16782-08-4"	"12"	"Potassium paraben"	"240-830-2"	"16782-08-4"	"All cosmetic products"	"Preservative"	"Maximum concentration value is given for &#39;4-Hydroxybenzoic acid and its Methyl-and Ethyl-esters, and their salts&#39;"	"0.4 %"	"For single ester"	"As acid"	""	""	
"Potassium propionate"	"206-323-5"	"327-62-8"	"2"	"Potassium propionate"	"206-323-5"	"327-62-8"	"All cosmetic products"	"Preservative"	"Maximum concentration value is given for &#39;Propionic acid and its salts&#39;"	"2 %"	""	"As acid"	""	""	
"Potassium propylparaben"	"284-597-5"	"84930-16-5"	"12a"	"Potassium propylparaben"	"284-597-5"	"84930-16-5"	"All cosmetic products"	"Preservative"	"Maximum concentration value is given for &#39;Butyl 4-hydroxybenzoate and its salts, Propyl 4-hydroxybenzoate and its salts&#39;Not to be used in leave-on products designed for application on the nappy area of children under three years of age"	"0.14 %"	"For sum of the individual concentrations"	"As acid"	"For leave-on products designed for children under three years of age: &#39;&#39;Do not use on the nappy area&#39;&#39;."	""	
"Potassium salicylate"	"209-421-6"	"578-36-9"	"3"	"Potassium salicylate"	"209-421-6"	"578-36-9"	"Cosmetic products other than products for children under 3 years of age, except for shampoos"	"Preservative"	"Maximum concentration value is given for &#39;Salicylic acid and its salts&#39;Not to be used in products for children under 3 years of age, except for shampoos"	"0.5 %"	""	"As acid"	"Not to be used for children under 3 years of age."	"For use other than as a preservative, see Annex III, No. 98Wording of conditions of use and warnings is used solely for products which might be used for children under 3 years of age and which remain in prolonged contact with the skin"	
"Potassium sorbate"	"246-376-1"	"24634-61-5"	"4"	"Potassium sorbate"	"246-376-1"	"24634-61-5"	"All cosmetic products"	"Preservative"	"Maximum concentration value is given for &#39;Hexa-2,4-dienoic acid and its salts&#39;"	"0.6 %"	""	"As acid"	""	""	
"Potassium sulfite"	"233-321-1"	"10117-38-1"	"9"	"Potassium sulfite"	"233-321-1"	"10117-38-1"	"All cosmetic products"	"Preservative"	"Maximum concentration value is given for &#39;Inorganic sulphites and hydrogen sulphites&#39;"	"0.2 %"	""	"As free SO2"	""	"For use other than as a preservative, see Annex III, No. 99"	
"Potassium undecylenate"	"662-949-2"	"6159-41-7"	"18"	"Potassium undecylenate"	""	"6159-41-7"	"All cosmetic products"	"Preservative"	"Maximum concentration value is given for &#39;Undec-10-enoic acid and its salts&#39;"	"0.2 %"	""	"As acid"	""	""	
"Propionic acid"	"201-176-3"	"79-09-4"	"2"	"Propionic acid"	"201-176-3"	"79-09-4"	"All cosmetic products"	"Preservative"	"Maximum concentration value is given for &#39;Propionic acid and its salts&#39;"	"2 %"	""	"As acid"	""	""	
"Propyl 4-hydroxybenzoate"	"202-307-7"	"94-13-3"	"12a"	"Propyl 4-hydroxybenzoate"	"202-307-7"	"94-13-3"	"All cosmetic products"	"Preservative"	"Maximum concentration value is given for &#39;Butyl 4-hydroxybenzoate and its salts, Propyl 4-hydroxybenzoate and its salts, 4-Hydroxybenzoic acid and its Methyl-and Ethyl-esters, and their salts&#39;Not to be used in leave-on products designed for application on the nappy area of children under three years of age"	"0.8 %"	"For mixtures of substances mentioned in entry 12 and 12a, where the sum of the individual concentrations of butyl- and propylparaben and their salts does not exceed 0,14 %"	"As acid"	"For leave-on products designed for children under three years of age: &#39;&#39;Do not use on the nappy area&#39;&#39;."	"Maximum concentration is for mixtures of substances mentioned in entry 12 and 12a, where the sum of the individual concentrations of butyl- and propylparaben and their salts does not exceed 0.14%"	
"Propyl 4-hydroxybenzoate"	"202-307-7"	"94-13-3"	"12a"	"Propyl 4-hydroxybenzoate"	"202-307-7"	"94-13-3"	"All cosmetic products"	"Preservative"	"Maximum concentration value is given for &#39;Butyl 4-hydroxybenzoate and its salts, Propyl 4-hydroxybenzoate and its salts&#39;Not to be used in leave-on products designed for application on the nappy area of children under three years of age"	"0.14 %"	"For sum of the individual concentrations"	"As acid"	"For leave-on products designed for children under three years of age: &#39;&#39;Do not use on the nappy area&#39;&#39;."	"Maximum concentration is for the sum of the individual concentrations"	
"Propyl benzoate"	"219-020-8"	"2315-68-6"	"1a"	"Propyl benzoate"	"219-020-8"	"2315-68-6"	"All cosmetic products"	"Preservative"	"Maximum concentration value is given for &#39;Salts of benzoic acid other than that listed under reference number 1 and esters of benzoic acid&#39;"	"0.5 %"	""	"As acid"	""	""	
"Quaternary ammonium compounds, benzyl-C12-14-alkyldimethyl, chlorides"	"287-089-1"	"85409-22-9"	"54"	"Quaternary ammonium compounds, benzyl-C12-14-alkyldimethyl, chlorides"	"287-089-1"	"85409-22-9"	"All cosmetic products"	"Preservative"	"Maximum concentration value is given for &#39;Benzalkonium chloride, bromide and saccharinate&#39;"	"0.1 %"	""	"As benzalkonium chloride"	"Avoid contact with eyes."	"For use other than as a preservative, see Annex III, No. 65"	
"Quaternary ammonium compounds, benzyl-C12-16-alkyldimethyl, chlorides"	"270-325-2"	"68424-85-1"	"54"	"Quaternary ammonium compounds, benzyl-C12-16-alkyldimethyl, chlorides"	"270-325-2"	"68424-85-1"	"All cosmetic products"	"Preservative"	"Maximum concentration value is given for &#39;Benzalkonium chloride, bromide and saccharinate&#39;"	"0.1 %"	""	"As benzalkonium chloride"	"Avoid contact with eyes."	"For use other than as a preservative, see Annex III, No. 65"	
"Quaternary ammonium compounds, benzylcoco alkyldimethyl, chlorides"	"263-080-8"	"61789-71-7"	"54"	"Quaternary ammonium compounds, benzylcoco alkyldimethyl, chlorides"	"263-080-8"	"61789-71-7"	"All cosmetic products"	"Preservative"	"Maximum concentration value is given for &#39;Benzalkonium chloride, bromide and saccharinate&#39;"	"0.1 %"	""	"As benzalkonium chloride"	"Avoid contact with eyes."	"For use other than as a preservative, see Annex III, No. 65"	
"Salicylic acid"	"200-712-3"	"69-72-7"	"3"	"Salicylic acid"	"200-712-3"	"69-72-7"	"Cosmetic products other than products for children under 3 years of age"	"Preservative"	"Maximum concentration value is given for &#39;Salicylic acid and its salts&#39;Not to be used for children under 3 years of ageNot to be used in oral productsNot to be used in applications that may lead to exposure of the end-user&#39;slungs by inhalation"	"0.5 %"	""	"As acid"	"Not to be used for children under 3 years of age."	"For use other than as a preservative, see Annex III, No. 98Wording of conditions of use and warnings is used solely for products which might be used for children under 3 years of age"	
"Salts of chloride, bromide, sulphate, acetate of benzenecarboximidamide, 4,4'-(1,6-hexanediylbis (oxy))bis- (including isethionate and p-hydroxybenzoate)"	"-"	"-"	"47"	"Salts of chloride, bromide, sulphate, acetate of benzenecarboximidamide, 4,4&#39;-(1,6-hexanediylbis (oxy))bis- (including isethionate and p-hydroxybenzoate)"	""	""	"All cosmetic products"	"Preservative"	"Maximum concentration value is given for &#39;Benzenecarboximidamide, 4,4&#39;-(1,6-hexanediylbis (oxy))bis- and its salts&#39;"	"0.1 %"	""	""	""	""	
"Salts of potassium, calcium, magnesium, ammonium and ethanolamines of benzoic acid"	"-"	"-"	"1a"	"Salts of potassium, calcium, magnesium, ammonium and ethanolamines of benzoic acid"	""	""	"All cosmetic products"	"Preservative"	"Maximum concentration value is given for &#39;Salts of benzoic acid other than that listed under reference number 1 and esters of benzoic acid&#39;"	"0.5 %"	""	"As acid"	""	""	
"Salts of sodium, potassium, calcium, magnesium, ammonium and ethanolamines of 3,3'-dibromo-4,4'-hexamethylenedioxydi-benzamidine"	"-"	"-"	"15"	"Salts of sodium, potassium, calcium, magnesium, ammonium and ethanolamines of 3,3&#39;-dibromo-4,4&#39;-hexamethylenedioxydi-benzamidine"	""	""	"All cosmetic products"	"Preservative"	"Maximum concentration value is given for &#39;3,3&#39;-Dibromo-4,4&#39;-hexamethylenedioxydi-benzamidine and its salts&#39;"	"0.1 %"	""	""	""	""	
"Salts of sodium, potassium, calcium, magnesium, ammonium and ethanolamines of 3-acetyl-6-methylpyran-2,4(3H)-dione"	"-"	"-"	"13"	"Salts of sodium, potassium, calcium, magnesium, ammonium and ethanolamines of 3-acetyl-6-methylpyran-2,4(3H)-dione"	""	""	"All cosmetic products"	"Preservative"	"Maximum concentration value is given for &#39;3-Acetyl-6-methylpyran-2,4 (3H)-dione and its salts&#39;Not to be used in aerosol dispensers (sprays)"	"0.6 %"	""	"As acid"	""	""	
"Salts of sodium, potassium, calcium, magnesium, ammonium and ethanolamines of 4-hydroxybenzoic acid and of its methyl- and ethyl-esters"	"-"	"-"	"12"	"Salts of sodium, potassium, calcium, magnesium, ammonium and ethanolamines of 4-hydroxybenzoic acid and of its methyl- and ethyl-esters"	""	""	"All cosmetic products"	"Preservative"	"Maximum concentration value is given for &#39;4-Hydroxybenzoic acid and its Methyl-and Ethyl-esters, and their salts&#39;"	"0.4 %"	"For single ester"	"As acid"	""	"For the purpose of this list: &#39;Salts&#39; is taken to mean: salts of the cations sodium, potassium, calcium, magnesium, ammonium and ethanolamines, Salts of the anions chloride, bromide, sulphate, acetateMaximum concentration is for single ester"	
"Salts of sodium, potassium, calcium, magnesium, ammonium and ethanolamines of 4-hydroxybenzoic acid and of its methyl- and ethyl-esters"	"-"	"-"	"12"	"Salts of sodium, potassium, calcium, magnesium, ammonium and ethanolamines of 4-hydroxybenzoic acid and of its methyl- and ethyl-esters"	""	""	"All cosmetic products"	"Preservative"	"Maximum concentration value is given for &#39;4-Hydroxybenzoic acid and its Methyl-and Ethyl-esters, and their salts&#39;"	"0.8 %"	"For mixtures of esters"	"As acid"	""	"For the purpose of this list: &#39;Salts&#39; is taken to mean: salts of the cations sodium, potassium, calcium, magnesium, ammonium and ethanolamines, Salts of the anions chloride, bromide, sulphate, acetateMaximum concentration is for single ester"	
"Salts of sodium, potassium, calcium, magnesium, ammonium and ethanolamines of butyl 4-hydroxybenzoate"	"-"	"-"	"12a"	"Salts of sodium, potassium, calcium, magnesium, ammonium and ethanolamines of butyl 4-hydroxybenzoate"	""	""	"All cosmetic products"	"Preservative"	"Maximum concentration value is given for &#39;Butyl 4-hydroxybenzoate and its salts, Propyl 4-hydroxybenzoate and its salts&#39;Not to be used in leave-on products designed for application on the nappy area of children under three years of age"	"0.14 %"	"For sum of the individual concentrations"	"As acid"	"For leave-on products designed for children under three years of age: &#39;&#39;Do not use on the nappy area&#39;&#39;."	"Maximum concentration is for the sum of the individual concentrations"	
"Salts of sodium, potassium, calcium, magnesium, ammonium and ethanolamines of butyl 4-hydroxybenzoate"	"-"	"-"	"12a"	"Salts of sodium, potassium, calcium, magnesium, ammonium and ethanolamines of butyl 4-hydroxybenzoate"	""	""	"All cosmetic products"	"Preservative"	"Maximum concentration value is given for &#39;Butyl 4-hydroxybenzoate and its salts, Propyl 4-hydroxybenzoate and its salts, 4-Hydroxybenzoic acid and its Methyl-and Ethyl-esters, and their salts&#39;Not to be used in leave-on products designed for application on the nappy area of children under three years of age"	"0.8 %"	"For mixtures of substances mentioned in entry 12 and 12a, where the sum of the individual concentrations of butyl- and propylparaben and their salts does not exceed 0,14 %"	"As acid"	"For leave-on products designed for children under three years of age: &#39;&#39;Do not use on the nappy area&#39;&#39;."	"Maximum concentration is for mixtures of substances mentioned in entry 12 and 12a, where the sum of the individual concentrations of butyl- and propylparaben and their salts does not exceed 0.14%"	
"Salts of sodium, potassium, calcium, magnesium, ammonium and ethanolamines of hexa-2,4-dienoic acid"	"-"	"-"	"4"	"Salts of sodium, potassium, calcium, magnesium, ammonium and ethanolamines of hexa-2,4-dienoic acid"	""	""	"All cosmetic products"	"Preservative"	"Maximum concentration value is given for &#39;Hexa-2,4-dienoic acid and its salts&#39;"	"0.6 %"	""	"As acid"	""	""	
"Salts of sodium, potassium, calcium, magnesium, ammonium and ethanolamines of propionic acid"	"-"	"-"	"2"	"Salts of sodium, potassium, calcium, magnesium, ammonium and ethanolamines of propionic acid"	""	""	"All cosmetic products"	"Preservative"	"Maximum concentration value is given for &#39;Propionic acid and its salts&#39;"	"2 %"	""	"As acid"	""	""	
"Salts of sodium, potassium, calcium, magnesium, ammonium and ethanolamines of propyl 4-hydroxybenzoate"	"-"	"-"	"12a"	"Salts of sodium, potassium, calcium, magnesium, ammonium and ethanolamines of propyl 4-hydroxybenzoate"	""	""	"All cosmetic products"	"Preservative"	"Maximum concentration value is given for &#39;Butyl 4-hydroxybenzoate and its salts, Propyl 4-hydroxybenzoate and its salts, 4-Hydroxybenzoic acid and its Methyl-and Ethyl-esters, and their salts&#39;Not to be used in leave-on products designed for application on the nappy area of children under three years of age"	"0.8 %"	"For mixtures of substances mentioned in entry 12 and 12a, where the sum of the individual concentrations of butyl- and propylparaben and their salts does not exceed 0,14 %"	"As acid"	"For leave-on products designed for children under three years of age: &#39;&#39;Do not use on the nappy area&#39;&#39;."	"Maximum concentration is for mixtures of substances mentioned in entry 12 and 12a, where the sum of the individual concentrations of butyl- and propylparaben and their salts does not exceed 0.14%"	
"Salts of sodium, potassium, calcium, magnesium, ammonium and ethanolamines of propyl 4-hydroxybenzoate"	"-"	"-"	"12a"	"Salts of sodium, potassium, calcium, magnesium, ammonium and ethanolamines of propyl 4-hydroxybenzoate"	""	""	"All cosmetic products"	"Preservative"	"Maximum concentration value is given for &#39;Butyl 4-hydroxybenzoate and its salts, Propyl 4-hydroxybenzoate and its salts&#39;Not to be used in leave-on products designed for application on the nappy area of children under three years of age"	"0.14 %"	"For sum of the individual concentrations"	"As acid"	"For leave-on products designed for children under three years of age: &#39;&#39;Do not use on the nappy area&#39;&#39;."	"Maximum concentration is for the sum of the individual concentrations"	
"Salts of sodium, potassium, calcium, magnesium, ammonium and ethanolamines of salicylic acid"	"-"	"-"	"3"	"Salts of sodium, potassium, calcium, magnesium, ammonium and ethanolamines of salicylic acid"	""	""	"Cosmetic products other than products for children under 3 years of age, except for shampoos"	"Preservative"	"Maximum concentration value is given for &#39;Salicylic acid and its salts&#39;Not to be used in products for children under 3 years of age, except for shampoos"	"0.5 %"	""	"As acid"	"Not to be used for children under 3 years of age."	"For use other than as a preservative, see Annex III, No. 98Wording of conditions of use and warnings is used solely for products which might be used for children under 3 years of age and which remain in prolonged contact with the skin"	
"Salts of sodium, potassium, calcium, magnesium, ammonium and ethanolamines of undec-10-enoic acid"	"-"	"-"	"18"	"Salts of sodium, potassium, calcium, magnesium, ammonium and ethanolamines of undec-10-enoic acid"	""	""	"All cosmetic products"	"Preservative"	"Maximum concentration value is given for &#39;Undec-10-enoic acid and its salts&#39;"	"0.2 %"	""	"As acid"	""	""	
"Silver chloride deposited on titanium dioxide"	"232-033-3"	"7783-90-6"	"52"	"Silver chloride deposited on titanium dioxide"	"232-033-3"	"7783-90-6"	"All cosmetic products except products for children under 3 years of age, oral products and eye and lip products"	"Preservative"	"20% AgCl (w/w) on TiO2: Not to be used in products for children under 3 years of age, in oral products and in eye and lip products"	"0.004 %"	""	"As AgCl"	""	""	
"Sodium Benzoate"	"208-534-8"	"532-32-1"	"1"	"Sodium Benzoate"	"208-534-8"	"532-32-1"	"Rinse-off products excluding oral products"	"Preservative"	"Maximum concentration value is given for &#39;Benzoic acid and its sodium salt&#39;"	"2.5 %"	""	"As acid"	""	""	
"Sodium Benzoate"	"208-534-8"	"532-32-1"	"1"	"Sodium Benzoate"	"208-534-8"	"532-32-1"	"Oral products"	"Preservative"	"Maximum concentration value is given for &#39;Benzoic acid and its sodium salt&#39;"	"1.7 %"	""	"As acid"	""	""	
"Sodium Benzoate"	"208-534-8"	"532-32-1"	"1"	"Sodium Benzoate"	"208-534-8"	"532-32-1"	"Leave-on products"	"Preservative"	"Maximum concentration value is given for &#39;Benzoic acid and its sodium salt&#39;"	"0.5 %"	""	"As acid"	""	""	
"Sodium bisulfite"	"231-548-0"	"7631-90-5"	"9"	"Sodium bisulfite"	"231-548-0"	"7631-90-5"	"All cosmetic products"	"Preservative"	"Maximum concentration value is given for &#39;Inorganic sulphites and hydrogen sulphites&#39;"	"0.2 %"	""	"As free SO2"	""	"For use other than as a preservative, see Annex III, No. 99"	
"Sodium butylparaben"	"253-049-7"	"36457-20-2"	"12a"	"Sodium butylparaben"	"253-049-7"	"36457-20-2"	"All cosmetic products"	"Preservative"	"Maximum concentration value is given for &#39;Butyl 4-hydroxybenzoate and its salts, Propyl 4-hydroxybenzoate and its salts&#39;Not to be used in leave-on products designed for application on the nappy area of children under three years of age"	"0.14 %"	"For sum of the individual concentrations"	"As acid"	"For leave-on products designed for children under three years of age: &#39;&#39;Do not use on the nappy area&#39;&#39;."	""	
"Sodium dehydroacetate"	"224-580-1"	"4418-26-2"	"13"	"Sodium dehydroacetate"	"224-580-1"	"4418-26-2"	"All cosmetic products"	"Preservative"	"Maximum concentration value is given for &#39;3-Acetyl-6-methylpyran-2,4 (3H)-dione and its salts&#39;Not to be used in aerosol dispensers (sprays)"	"0.6 %"	""	"As acid"	""	""	
"Sodium ethylparaben"	"252-487-6"	"35285-68-8"	"12"	"Sodium ethylparaben"	"252-487-6"	"35285-68-8"	"All cosmetic products"	"Preservative"	"Maximum concentration value is given for &#39;4-Hydroxybenzoic acid and its Methyl-and Ethyl-esters, and their salts&#39;"	"0.4 %"	"For single ester"	"As acid"	""	""	
"Sodium metabisulfite"	"231-673-0"	"7681-57-4"	"9"	"Sodium metabisulfite"	"231-673-0"	"7681-57-4"	"All cosmetic products"	"Preservative"	"Maximum concentration value is given for &#39;Inorganic sulphites and hydrogen sulphites&#39;"	"0.2 %"	""	"As free SO2"	""	"For use other than as a preservative, see Annex III, No. 99"	
"Sodium methylparaben"	"225-714-1"	"5026-62-0"	"12"	"Sodium methylparaben"	"225-714-1"	"5026-62-0"	"All cosmetic products"	"Preservative"	"Maximum concentration value is given for &#39;4-Hydroxybenzoic acid and its Methyl-and Ethyl-esters, and their salts&#39;"	"0.4 %"	"For single ester"	"As acid"	""	""	
"Sodium N-(hydroxymethyl)glycinate"	"274-357-8"	"70161-44-3"	"51"	"Sodium N-(hydroxymethyl)glycinate"	"274-357-8"	"70161-44-3"	"All cosmetic products"	"Preservative"	"Not to be used unless it can be shown that the maximum theoretical concentration of releasable formaldehyde, irrespective of the source, in the mixture as placed on the market is &lt; 0,1 % w/w"	"0.5 %"	""	""	""	"All finished products containing substances which are listed in this Annex and which release formaldehyde shall be labelled with the warning &#39;&#39;releases formaldehyde&#39;&#39; where the total concentration of formaldehyde released in the finished product exceeds 0,001 % (10 ppm), irrespective of whether the finished product contains one or more substances releasing formaldehyde. However, all finished products containing substances referred to in the first subparagraph which comply with Regulation (EC) No 1223/2009 as applicable on 30 July 2022 may be placed on the Union market until 31 July 2024 and be made available on the Union market until 31 July 2026"	
"Sodium paraben"	"204-051-1"	"114-63-6"	"12"	"Sodium paraben"	"204-051-1"	"114-63-6"	"All cosmetic products"	"Preservative"	"Maximum concentration value is given for &#39;4-Hydroxybenzoic acid and its Methyl-and Ethyl-esters, and their salts&#39;"	"0.4 %"	"For single ester"	"As acid"	""	""	
"Sodium propionate"	"205-290-4"	"137-40-6"	"2"	"Sodium propionate"	"205-290-4"	"137-40-6"	"All cosmetic products"	"Preservative"	"Maximum concentration value is given for &#39;Propionic acid and its salts&#39;"	"2 %"	""	"As acid"	""	""	
"Sodium propylparaben"	"252-488-1"	"35285-69-9"	"12a"	"Sodium propylparaben"	"252-488-1"	"35285-69-9"	"All cosmetic products"	"Preservative"	"Maximum concentration value is given for &#39;Butyl 4-hydroxybenzoate and its salts, Propyl 4-hydroxybenzoate and its salts&#39;Not to be used in leave-on products designed for application on the nappy area of children under three years of age"	"0.14 %"	"For sum of the individual concentrations"	"As acid"	"For leave-on products designed for children under three years of age: &#39;&#39;Do not use on the nappy area&#39;&#39;."	""	
"Sodium salicylate"	"200-198-0"	"54-21-7"	"3"	"Sodium salicylate"	"200-198-0"	"54-21-7"	"Cosmetic products other than products for children under 3 years of age, except for shampoos"	"Preservative"	"Maximum concentration value is given for &#39;Salicylic acid and its salts&#39;Not to be used in products for children under 3 years of age, except for shampoos"	"0.5 %"	""	"As acid"	"Not to be used for children under 3 years of age."	"For use other than as a preservative, see Annex III, No. 98Wording of conditions of use and warnings is used solely for products which might be used for children under 3 years of age and which remain in prolonged contact with the skin"	
"Sodium salt of formic acid"	"205-488-0"	"141-53-7"	"14"	"Sodium salt of formic acid"	"205-488-0"	"141-53-7"	"All cosmetic products"	"Preservative"	"Maximum concentration value is given for &#39;Formic acid and its sodium salt&#39;"	"0.5 %"	""	"As acid"	""	""	
"Sodium sorbate"	"231-819-3"	"7757-81-5"	"4"	"Sodium sorbate"	"231-819-3"	"7757-81-5"	"All cosmetic products"	"Preservative"	"Maximum concentration value is given for &#39;Hexa-2,4-dienoic acid and its salts&#39;"	"0.6 %"	""	"As acid"	""	""	
"Sodium sulfite"	"231-821-4"	"7757-83-7"	"9"	"Sodium sulfite"	"231-821-4"	"7757-83-7"	"All cosmetic products"	"Preservative"	"Maximum concentration value is given for &#39;Inorganic sulphites and hydrogen sulphites&#39;"	"0.2 %"	""	"As free SO2"	""	"For use other than as a preservative, see Annex III, No. 99"	
"Steartrimonium bromide"	"214-294-5"	"1120-02-1"	"44"	"Steartrimonium bromide"	"214-294-5"	"1120-02-1"	"All cosmetic products"	"Preservative"	"Maximum concentration value is given for &#39;Alkyl (C 12-22) trimethyl ammonium bromide and chloride&#39;"	"0.1 %"	""	""	""	""	
"Steartrimonium chloride"	"203-929-1"	"112-03-8"	"44"	"Steartrimonium chloride"	"203-929-1"	"112-03-8"	"All cosmetic products"	"Preservative"	"Maximum concentration value is given for &#39;Alkyl (C 12-22) trimethyl ammonium bromide and chloride&#39;"	"0.1 %"	""	""	""	"For use other than as a preservative, see Annex III, No 286"	
"TEA-salicylate"	"218-531-3"	"2174-16-5"	"3"	"TEA-salicylate"	"218-531-3"	"2174-16-5"	"Cosmetic products other than products for children under 3 years of age, except for shampoos"	"Preservative"	"Maximum concentration value is given for &#39;Salicylic acid and its salts&#39;Not to be used in products for children under 3 years of age, except for shampoos"	"0.5 %"	""	"As acid"	"Not to be used for children under 3 years of age."	"For use other than as a preservative, see Annex III, No. 98Wording of conditions of use and warnings is used solely for products which might be used for children under 3 years of age and which remain in prolonged contact with the skin"	
"TEA-undecylenate"	"282-908-9"	"84471-25-0"	"18"	"TEA-undecylenate"	"282-908-9"	"84471-25-0"	"All cosmetic products"	"Preservative"	"Maximum concentration value is given for &#39;Undec-10-enoic acid and its salts&#39;"	"0.2 %"	""	"As acid"	""	""	
"Thiomersal"	"200-210-4"	"54-64-8"	"16"	"Thiomersal"	"200-210-4"	"54-64-8"	"Eye products"	"Preservative"	"If mixed with other mercurial compounds authorised by this Regulation, the maximum concentration of Hg remains fixed at 0.007%"	"0.007 %"	""	"As Hg"	"Contains Thiomersal."	""	
"Undec-10-enoic acid"	"203-965-8"	"112-38-9"	"18"	"Undec-10-enoic acid"	"203-965-8"	"112-38-9"	"All cosmetic products"	"Preservative"	"Maximum concentration value is given for &#39;Undec-10-enoic acid and its salts&#39;"	"0.2 %"	""	"As acid"	""	""	
"Undec-10-enoic acid, compound with 2-aminoethanol (1:1)"	"260-247-7"	"56532-40-2"	"18"	"Undec-10-enoic acid, compound with 2-aminoethanol (1:1)"	"260-247-7"	"56532-40-2"	"All cosmetic products"	"Preservative"	"Maximum concentration value is given for &#39;Undec-10-enoic acid and its salts&#39;"	"0.2 %"	""	"As acid"	""	""	
