Cosmetic Products Regulation, Annex IV - Allowed Colorants
Note: Group entries are split in different rows.
Export date: 23/02/2026 15:08:22
Header

"Substance Identifier"	""	



""	""	""	""	"Substance Identification"	"Substance Identification"	"Substance Identification"	"Substance Identification"	"Substance Identification"	"Substance Identification"	"Conditions"	"Conditions"	"Conditions"	"Conditions"	"Conditions"	""	
"Name"	"EC / List no"	"CAS no"	"Ref No."	"Name"	"EC Number"	"CAS"	"Colour Index (CI) Number"	"Colour"	"Physical form"	"Product type, body parts"	"Restriction(s)"	"Maximum Threshold"	"Expressed As"	"Function(s)"	"Notes"	
"(3R)-beta-4-Caroten-3-ol"	"-"	"3763-55-1"	"112"	"(3R)-beta-4-Caroten-3-ol"	""	"3763-55-1"	"75135"	"Yellow"	""	"All cosmetic products"	""	""	""	"Colorant"	""	
"(4-(4-Aminophenyl)(4-iminocyclohexa-2,5-dienylidene)methyl)-2-methylaniline hydrochloride"	"211-189-6"	"632-99-5"	"66"	"(4-(4-Aminophenyl)(4-iminocyclohexa-2,5-dienylidene)methyl)-2-methylaniline hydrochloride"	""	"632-99-5"	"42510"	"Violet"	""	"All cosmetic products except those applied to mucous membranes and when used as a substance in hair dye products"	"Not to be used in products applied to mucous membranes"	""	""	"Colorant"	""	
"1,2-Dihydroxyanthraquinone"	"200-782-5"	"72-48-0"	"86"	"1,2-Dihydroxyanthraquinone"	""	"72-48-0"	"58000"	"Red"	""	"All cosmetic products except when used as a substance in hair dye products"	""	""	""	"Colorant"	""	
"1,3-Isobenzofurandione, reaction products with methylquinoline and quinoline"	"232-318-2"	"8003-22-3"	"81"	"1,3-Isobenzofurandione, reaction products with methylquinoline and quinoline"	""	"8003-22-3"	"47000"	"Yellow"	""	"All cosmetic products except those applied to mucous membranes and when used as a substance in hair dye products"	"Not to be used in products applied to mucous membranes"	""	""	"Colorant"	""	
"1,4-bis(p-Tolylamino)anthraquinone"	"204-909-5"	"128-80-3"	"91"	"1,4-bis(p-Tolylamino)anthraquinone"	""	"128-80-3"	"61565"	"Green"	""	"All cosmetic products except when used as a substance in hair dye products"	""	""	""	"Colorant"	""	
"1-(4-(Phenylazo)phenylazo)-2-naphthol"	"201-638-4"	"85-86-9"	"51"	"1-(4-(Phenylazo)phenylazo)-2-naphthol"	""	"85-86-9"	"26100"	"Red"	""	"All cosmetic products except those applied to mucous membranes and when used as a substance in hair dye products"	"Not to be used in products applied to mucous membranes; Purity criteria: aniline &lt;= 0.2%, 2-naphtol &lt;= 0.2%, 4-aminoazobenzene &lt;= 0.1%, 1-(phenylazo)-2-naphtol &lt;=3%, 1-[2-(phenylazo) phenylazo]-2-napthalenol &lt;= 2%"	""	""	"Colorant"	""	
"1-[(2-Chloro-4-nitrophenyl)azo]-2-naphthol"	"220-562-2"	"2814-77-9"	"9"	"1-[(2-Chloro-4-nitrophenyl)azo]-2-naphthol"	""	"2814-77-9"	"12085"	"Red"	""	"All cosmetic products except when used as a substance in hair dye products"	""	"3 %"	""	"Colorant"	""	
"1-[(4-Methyl-2-nitrophenyl)azo]-2-naphthol"	"219-372-2"	"2425-85-6"	"10"	"1-[(4-Methyl-2-nitrophenyl)azo]-2-naphthol"	""	"2425-85-6"	"12120"	"Red"	""	"Rinse-off products"	""	""	""	"Colorant"	""	
"1-Anilino-4-hydroxyanthraquinone"	"242-939-0"	"19286-75-0"	"88"	"1-Anilino-4-hydroxyanthraquinone"	""	"19286-75-0"	"60724"	"Violet"	""	"Rinse-off products"	""	""	""	"Colorant"	""	
"1-Hydroxy-4-(p-toluidino)anthraquinone"	"201-353-5"	"81-48-1"	"89"	"1-Hydroxy-4-(p-toluidino)anthraquinone"	""	"81-48-1"	"60725"	"Violet"	""	"All cosmetic products except when used as a substance in hair dye products"	""	""	""	"Colorant"	""	
"1H-Indene-1,3(2H)-dione, 2-(2-quinolinyl)-, sulfonated, sodium salts"	"305-897-5"	"95193-83-2"	"82"	"1H-Indene-1,3(2H)-dione, 2-(2-quinolinyl)-, sulfonated, sodium salts"	"305-897-5"	"95193-83-2"	"47005"	"Yellow"	""	"All cosmetic products"	"Purity criteria as set out in Commission Directive 95/45/EC (E 104)"	""	""	"Colorant"	""	
"2,2'-[(3,3'-Dichloro[1,1'-biphenyl]-4,4'-diyl)bis(azo)]bis[N-(2,4-dimethylphenyl)-3-oxobutyramide]"	"225-822-9"	"5102-83-0"	"47"	"2,2&#39;-[(3,3&#39;-Dichloro[1,1&#39;-biphenyl]-4,4&#39;-diyl)bis(azo)]bis[N-(2,4-dimethylphenyl)-3-oxobutyramide]"	""	"5102-83-0"	"21100"	"Yellow"	""	"Rinse-off products except when used as a substance in hair dye products"	"Maximum 3,3&#39;-dimethylbenzidine concentration in the colouring agent is 5 ppm"	""	""	"Colorant"	""	
"2,2'-[(3,3'-Dichloro[1,1'-biphenyl]-4,4'-diyl)bis(azo)]bis[N-(4-chloro-2,5-dimethoxyphenyl)-3-oxobutyramide]"	"226-939-8"	"5567-15-7"	"48"	"2,2&#39;-[(3,3&#39;-Dichloro[1,1&#39;-biphenyl]-4,4&#39;-diyl)bis(azo)]bis[N-(4-chloro-2,5-dimethoxyphenyl)-3-oxobutyramide]"	""	"5567-15-7"	"21108"	"Yellow"	""	"Rinse-off products"	"Maximum 3,3&#39;-dimethylbenzidine concentration in the colouring agent is 5 ppm"	""	""	"Colorant"	""	
"2,2'-[Cyclohexylidenebis[(2-methyl-4,1-phenylene)azo]]bis[4-cyclohexylphenol]"	"229-754-0"	"6706-82-7"	"49"	"2,2&#39;-[Cyclohexylidenebis[(2-methyl-4,1-phenylene)azo]]bis[4-cyclohexylphenol]"	""	"6706-82-7"	"21230"	"Yellow"	""	"All cosmetic products except those applied to mucous membranes and when used as a substance in hair dye products"	"Not to be used in products applied to mucous membranes"	""	""	"Colorant"	""	
"2,4-Dihydro-5-methyl-2-phenyl-4-(phenylazo)-3H-pyrazol-3-one"	"224-330-1"	"4314-14-1"	"15"	"2,4-Dihydro-5-methyl-2-phenyl-4-(phenylazo)-3H-pyrazol-3-one"	""	"4314-14-1"	"12700"	"Yellow"	""	"Rinse-off products"	""	""	""	"Colorant"	""	
"2,7-Naphthalenedisulfonic acid, 3-((4-cyclohexyl-2-methylphenyl)azo)-4-hydroxy-5-(((4-methylphenyl)sulfonyl)amino)-, disodium salt"	"-"	"10236-37-0"	"39"	"2,7-Naphthalenedisulfonic acid, 3-((4-cyclohexyl-2-methylphenyl)azo)-4-hydroxy-5-(((4-methylphenyl)sulfonyl)amino)-, disodium salt"	""	"10236-37-0"	"18130"	"Red"	""	"Rinse-off products"	""	""	""	"Colorant"	""	
"2-(1,3-Dihydro-3-oxo-2H-indazol-2-ylidene)-1,2-dihydro-3H-indol-3-one"	"207-586-9"	"482-89-3"	"98"	"2-(1,3-Dihydro-3-oxo-2H-indazol-2-ylidene)-1,2-dihydro-3H-indol-3-one"	""	"482-89-3"	"73000"	"Blue"	""	"All cosmetic products"	""	""	""	"Colorant"	""	
"2-[(4-Chloro-2-nitrophenyl)azo]-N-(2-chlorophenyl)-3-oxobutyramide"	"229-355-1"	"6486-23-3"	"5"	"2-[(4-Chloro-2-nitrophenyl)azo]-N-(2-chlorophenyl)-3-oxobutyramide"	""	"6486-23-3"	"11710"	"Yellow"	""	"All cosmetic products except those applied to mucous membranes"	"Not to be used in products applied to mucous membranes"	""	""	"Colorant"	""	
"2-[(4-Methoxy-2-nitrophenyl)azo]-3-oxo-N-(o-tolyl)butyramide"	"228-901-6"	"6371-96-6"	"6"	"2-[(4-Methoxy-2-nitrophenyl)azo]-3-oxo-N-(o-tolyl)butyramide"	""	"6371-96-6"	"11725"	"Orange"	""	"Rinse-off products"	""	""	""	"Colorant"	""	
"2-[(4-Methyl-2-nitrophenyl)azo]-3-oxo-N-phenylbutyramide"	"219-730-8"	"2512-29-0"	"4"	"2-[(4-Methyl-2-nitrophenyl)azo]-3-oxo-N-phenylbutyramide"	""	"2512-29-0"	"11680"	"Yellow"	""	"All cosmetic products except those applied to mucous membranes"	"Not to be used in products applied to mucous membranes"	""	""	"Colorant"	""	
"2-Amino-1,7-dihydro-6H-purin-6-one"	"200-799-8"	"73-40-5"	"113"	"2-Amino-1,7-dihydro-6H-purin-6-one"	""	"73-40-5"	"75170"	"White"	""	"All cosmetic products"	""	""	""	"Colorant"	""	
"29H,31H-Phthalocyaninato(2-)-N29,N30,N31,N32 copper"	"205-685-1"	"147-14-8"	"105"	"29H,31H-Phthalocyaninato(2-)-N29,N30,N31,N32 copper"	""	"147-14-8"	"74160"	"Blue"	""	"All cosmetic products except when used as a substance in hair dye products"	""	""	""	"Colorant"	""	
"29H,31H-Phthalocyanine"	"209-378-3"	"574-93-6"	"104"	"29H,31H-Phthalocyanine"	""	"574-93-6"	"74100"	"Blue"	""	"Rinse-off products"	""	""	""	"Colorant"	""	
"3',6'-Dihydroxy-4',5'-dinitrospiro[isobenzofuran-1(3H),9'-[9H]xanthene]-3-one"	"246-308-0"	"24545-86-6"	"77"	"3&#39;,6&#39;-Dihydroxy-4&#39;,5&#39;-dinitrospiro[isobenzofuran-1(3H),9&#39;-[9H]xanthene]-3-one"	""	"24545-86-6"	"45396"	"Orange"	""	"Lip products"	"Only in free acid form, when used in lip products"	"1 %"	"As free acid"	"Colorant"	""	
"3',6'-Dihydroxy-4',5'-dinitrospiro[isobenzofuran-1(3H),9'-[9H]xanthene]-3-one"	"246-308-0"	"24545-86-6"	"77"	"3&#39;,6&#39;-Dihydroxy-4&#39;,5&#39;-dinitrospiro[isobenzofuran-1(3H),9&#39;-[9H]xanthene]-3-one"	""	"24545-86-6"	"45396"	"Orange"	""	"All cosmetic products except lip products"	""	""	""	"Colorant"	""	
"3,4,5,6-Tetrachloro-2-(1,4,5,8-tetrabromo-6-hydroxy-3-oxoxanthen-9-yl)benzoic acid"	"242-355-6"	"18472-87-2"	"79"	"3,4,5,6-Tetrachloro-2-(1,4,5,8-tetrabromo-6-hydroxy-3-oxoxanthen-9-yl)benzoic acid"	""	"18472-87-2"	"45410"	"Red"	""	"All cosmetic products"	"Not more than 1% 2-(6-hydroxy-3-oxo-3H-xanthen-9-yl) benzoic acid; Not more than 2 % 2-(bromo-6-hydroxy-3-oxo-3H-xanthen-9-yl) benzoic acid"	""	""	"Colorant"	""	
"3-Hydroxy-N-(o-tolyl)-4-[(2,4,5-trichlorophenyl)azo]naphthalene-2-carboxamide"	"229-440-3"	"6535-46-2"	"11"	"3-Hydroxy-N-(o-tolyl)-4-[(2,4,5-trichlorophenyl)azo]naphthalene-2-carboxamide"	""	"6535-46-2"	"12370"	"Red"	""	"Rinse-off products except when used as a substance in hair dye products"	""	""	""	"Colorant"	""	
"4',5'-Dibromo-3',6'-dihydroxyspiro[isobenzofuran-1(3H),9'-[9H]xanthene]-3-one"	"209-876-0"	"596-03-2"	"75"	"4&#39;,5&#39;-Dibromo-3&#39;,6&#39;-dihydroxyspiro[isobenzofuran-1(3H),9&#39;-[9H]xanthene]-3-one"	""	"596-03-2"	"45370"	"Orange"	""	"All cosmetic products except when used as a substance in hair dye products"	"Not more than 1% 2-(6-hydroxy-3-oxo-3H-xanthen-9-yl) benzoic acid; Not more than 2 % 2-(bromo-6-hydroxy-3-oxo-3H-xanthen-9-yl) benzoic acid"	""	""	"Colorant"	""	
"4-(Phenylazo)resorcinol"	"218-131-9"	"2051-85-6"	"7"	"4-(Phenylazo)resorcinol"	""	"2051-85-6"	"11920"	"Orange"	""	"All cosmetic products except when used as a substance in hair dye products"	""	""	""	"Colorant"	""	
"4-[(2,5-Dichlorophenyl)azo]-N-(2,5-dimethoxyphenyl)-3-hydroxynaphthalene-2-carboxamide"	"229-106-7"	"6410-40-8"	"13"	"4-[(2,5-Dichlorophenyl)azo]-N-(2,5-dimethoxyphenyl)-3-hydroxynaphthalene-2-carboxamide"	""	"6410-40-8"	"12480"	"Brown"	""	"Rinse-off products"	""	""	""	"Colorant"	""	
"4-[(4-Amino-m-tolyl)(4-imino-3-methylcyclohexa-2,5-dien-1-ylidene)methyl]-o-toluidine monohydrochloride"	"221-831-7"	"3248-91-7"	"67"	"4-[(4-Amino-m-tolyl)(4-imino-3-methylcyclohexa-2,5-dien-1-ylidene)methyl]-o-toluidine monohydrochloride"	""	"3248-91-7"	"42520"	"Violet"	""	"Rinse-off products"	""	"5 ppm"	""	"Colorant"	""	
"4-[(4-Ethoxyphenyl)azo]naphthol"	"229-439-8"	"6535-42-8"	"8"	"4-[(4-Ethoxyphenyl)azo]naphthol"	""	"6535-42-8"	"12010"	"Red"	""	"All cosmetic products except those applied to mucous membranes and when used as a substance in hair dye products"	"Not to be used in products applied to mucous membranes"	""	""	"Colorant"	""	
"5,12-Dihydro-2,9-dimethylquino[2,3-b]acridine-7,14-dione"	"213-561-3"	"980-26-7"	"103"	"5,12-Dihydro-2,9-dimethylquino[2,3-b]acridine-7,14-dione"	""	"980-26-7"	"73915"	"Red"	""	"Rinse-off products"	""	""	""	"Colorant"	""	
"5,12-Dihydroquino[2,3-b]acridine-7,14-dione"	"213-879-2"	"1047-16-1"	"102"	"5,12-Dihydroquino[2,3-b]acridine-7,14-dione"	""	"1047-16-1"	"73900"	"Violet"	""	"Rinse-off products except when used as a substance in hair dye products"	""	""	""	"Colorant"	""	
"5-Chloro-2-(5-chloro-7-methyl-3-oxobenzo[b]thien-2(3H)-ylidene)-7-methylbenzo[b]thiophene-3(2H)-one"	"226-750-0"	"5462-29-3"	"101"	"5-Chloro-2-(5-chloro-7-methyl-3-oxobenzo[b]thien-2(3H)-ylidene)-7-methylbenzo[b]thiophene-3(2H)-one"	""	"5462-29-3"	"73385"	"Violet"	""	"All cosmetic products"	""	""	""	"Colorant"	""	
"6,15-Dihydroanthrazine-5,9,14,18-tetrone"	"201-375-5"	"81-77-6"	"95"	"6,15-Dihydroanthrazine-5,9,14,18-tetrone"	""	"81-77-6"	"69800"	"Blue"	""	"All cosmetic products"	""	""	""	"Colorant"	""	
"6-Chloro-2-(6-chloro-4-methyl-3-oxobenzo[b]thien-2(3H)-ylidene)-4-methylbenzo[b]thiophene-3(2H)-one"	"219-163-6"	"2379-74-0"	"100"	"6-Chloro-2-(6-chloro-4-methyl-3-oxobenzo[b]thien-2(3H)-ylidene)-4-methylbenzo[b]thiophene-3(2H)-one"	""	"2379-74-0"	"73360"	"Red"	""	"All cosmetic products except when used as a substance in hair dye products"	""	""	""	"Colorant"	""	
"7,16-dichloro-6,15-dihydroanthrazine-5,9,14,18-tetrone"	"204-980-2"	"130-20-1"	"96"	"7,16-dichloro-6,15-dihydroanthrazine-5,9,14,18-tetrone"	""	"130-20-1"	"69825"	"Blue"	""	"All cosmetic products"	""	""	""	"Colorant"	""	
"8'-apo-β-Caroten-8'-al"	"-"	"1962-15-8"	"56"	"8&#39;-apo-β-Caroten-8&#39;-al"	""	"1962-15-8"	"40820"	"Orange"	""	"All cosmetic products"	"Purity criteria as set out in Commission Directive 95/45/EC (E 160e)"	""	""	"Colorant"	""	
"8,18-Dichloro-5,15-diethyl-5,15-dihydrodiindolo[3,2-b:3',2'-m]triphenodioxazine"	"228-767-9"	"6358-30-1"	"85"	"8,18-Dichloro-5,15-diethyl-5,15-dihydrodiindolo[3,2-b:3&#39;,2&#39;-m]triphenodioxazine"	""	"6358-30-1"	"51319"	"Violet"	""	"Rinse-off products except when used as a substance in hair dye products"	""	""	""	"Colorant"	""	
"8,8'-diapo-ψ,ψ-Carotenedioic acid"	"248-708-0"	"27876-94-4"	"108"	"8,8&#39;-diapo-ψ,ψ-Carotenedioic acid"	""	"27876-94-4"	"75100"	"Yellow"	""	"All cosmetic products"	""	""	""	"Colorant"	""	
"[4-[[4-Anilino-1-naphthyl][4-(dimethylamino)phenyl]methylene] cyclohexa-2,5-dien-1-ylidene]dimethylammonium chloride"	"219-943-6"	"2580-56-5"	"69"	"[4-[[4-Anilino-1-naphthyl][4-(dimethylamino)phenyl]methylene] cyclohexa-2,5-dien-1-ylidene]dimethylammonium chloride"	""	"2580-56-5"	"44045"	"Blue"	""	"All cosmetic products except those applied to mucous membranes and when used as a substance in hair dye products"	"Not to be used in products applied to mucous membranes"	""	""	"Colorant"	""	
"Activated Carbon-High Density Skeleton"	"931-328-0"	"-"	"126"	"Activated Carbon-High Density Skeleton"	"931-328-0"	""	"77266"	"Black"	"High Density Skeleton"	"All cosmetic products"	"Purity &gt; 97 %, with the following impurity profile: Ash content ≤ 0.15 %, total sulphur ≤ 0.65 %, total PAH ≤ 500 ppb and benzo(a)pyrene ≤ 5 ppb, dibenz(a,h)anthracene ≤ 5 ppb, total As ≤ 3 ppm, total Pb ≤ 10 ppm, total Hg ≤ 1 ppm"	""	""	"Colorant"	""	
"Activated Carbon-High Density Skeleton"	"931-328-0"	"-"	"126a"	"Activated Carbon-High Density Skeleton"	"931-328-0"	""	"77266"	"Black"	"High Density Skeleton-nano"	"All cosmetic products"	"Not to be used in applications that may lead to exposure of the end user&#39;s lungs by inhalation; Only nanomaterials having the following characteristics are allowed: Purity &gt; 97 %, with the following impurity profile: Ash content ≤ 0.15 %, total sulphur ≤ 0.65 %, total PAH ≤ 500 ppb and benzo(a)pyrene ≤ 5 ppb, dibenz(a,h)anthracene ≤ 5 ppb, total As ≤ 3 ppm, total Pb ≤ 10 ppm, and total Hg ≤ 1 ppm; Primary particle size ≥ 20 nm"	"10 %"	""	"Colorant"	""	
"Activated Carbon-Low Density Skeleton"	"931-334-3"	"-"	"126"	"Activated Carbon-Low Density Skeleton"	"931-334-3"	""	"77266"	"Black"	"Low Density Skeleton"	"All cosmetic products"	"Purity &gt; 97 %, with the following impurity profile: Ash content ≤ 0.15 %, total sulphur ≤ 0.65 %, total PAH ≤ 500 ppb and benzo(a)pyrene ≤ 5 ppb, dibenz(a,h)anthracene ≤ 5 ppb, total As ≤ 3 ppm, total Pb ≤ 10 ppm, total Hg ≤ 1 ppm"	""	""	"Colorant"	""	
"Activated Carbon-Low Density Skeleton"	"931-334-3"	"-"	"126a"	"Activated Carbon-Low Density Skeleton"	"931-334-3"	""	"77266"	"Black"	"Low Density Skeleton-nano"	"All cosmetic products"	"Not to be used in applications that may lead to exposure of the end user&#39;s lungs by inhalation; Only nanomaterials having the following characteristics are allowed: Purity &gt; 97 %, with the following impurity profile: Ash content ≤ 0.15 %, total sulphur ≤ 0.65 %, total PAH ≤ 500 ppb and benzo(a)pyrene ≤ 5 ppb, dibenz(a,h)anthracene ≤ 5 ppb, total As ≤ 3 ppm, total Pb ≤ 10 ppm, and total Hg ≤ 1 ppm; Primary particle size ≥ 20 nm"	"10 %"	""	"Colorant"	""	
"Aluminium"	"231-072-3"	"7429-90-5"	"117"	"Aluminium"	"231-072-3"	"7429-90-5"	"77000"	"White"	""	"All cosmetic products"	"Purity criteria as set out in Commission Directive 95/45/EC (E 173)"	""	""	"Colorant"	""	
"Aluminium hydroxide sulphate"	"215-573-4"	"1332-73-6"	"118"	"Aluminium hydroxide sulphate"	""	"1332-73-6"	"77002"	"White"	""	"All cosmetic products"	""	""	""	"Colorant"	""	
"Aluminum monostearate"	"230-325-5"	"7047-84-9"	"150"	"Aluminum monostearate"	"230-325-5"	"7047-84-9"	""	"White"	""	"All cosmetic products"	""	""	""	"Colorant"	""	
"Aluminum silicate coloured with ferric oxide"	"-"	"-"	"121"	"Aluminum silicate coloured with ferric oxide"	""	""	"77015"	"Red"	""	"All cosmetic products"	""	""	""	"Colorant"	""	
"Ammonium manganese(3+) diphosphate"	"233-257-4"	"10101-66-3"	"140"	"Ammonium manganese(3+) diphosphate"	""	"10101-66-3"	"77742"	"Violet"	""	"All cosmetic products"	""	""	""	"Colorant"	""	
"Ammonium, (4-(alpha-(p-(diethylamino)phenyl)-2,4-disulfobenzylidene)-2,5-cyclohexadien-1-ylidene)diethyl-, hydroxide, monosodium salt"	"204-934-1"	"129-17-9"	"59"	"Ammonium, (4-(alpha-(p-(diethylamino)phenyl)-2,4-disulfobenzylidene)-2,5-cyclohexadien-1-ylidene)diethyl-, hydroxide, monosodium salt"	""	"129-17-9"	"42045"	"Blue"	""	"All cosmetic products except those applied to mucous membranes and when used as a substance in hair dye products"	"Not to be used in products applied to mucous membranes"	""	""	"Colorant"	""	
"Annatto"	"215-735-4"	"1393-63-1"	"109"	"Annatto"	"215-735-4"	"1393-63-1"	"75120"	"Orange"	""	"All cosmetic products"	"Purity criteria as set out in Commission Directive 95/45/EC (E 160b)"	""	""	"Colorant"	""	
"Annatto tree, ext."	"289-561-2"	"89957-43-7"	"109"	"Annatto tree, ext."	"289-561-2"	"89957-43-7"	"75120"	""	""	"All cosmetic products"	"Purity criteria as set out in Commission Directive 95/45/EC (E 160b)"	""	""	"Colorant"	""	
"Barium bis[4-[(2-hydroxy-1-naphthyl)azo]-2-methylbenzenesul-phonate]"	"227-459-1"	"5850-87-3"	"23"	"Barium bis[4-[(2-hydroxy-1-naphthyl)azo]-2-methylbenzenesul-phonate]"	""	"5850-87-3"	"15580"	"Red"	""	"All cosmetic products"	""	""	""	"Colorant"	""	
"Barium sulfate"	"231-784-4"	"7727-43-7"	"122"	"Barium sulfate"	""	"7727-43-7"	"77120"	"White"	""	"All cosmetic products"	""	""	""	"Colorant"	""	
"Beetroot red"	"231-628-5"	"7659-95-2"	"148"	"Beetroot red"	"231-628-5"	"7659-95-2"	""	"Red"	""	"All cosmetic products"	"Purity criteria as set out in Commission Directive 95/45/EC (E 162)"	""	""	"Colorant"	""	
"Benzene-methanaminium, N-ethyl-N-(4-((4-(ethyl((3-sulfophenyl)methyl)amino) phenyl)(2-sulfophenyl)methylene)-2,5-cyclohexadien-1-ylidene)-3-sulfo-, hydroxide, inner salt, disodium salt"	"223-339-8"	"3844-45-9"	"63"	"Benzene-methanaminium, N-ethyl-N-(4-((4-(ethyl((3-sulfophenyl)methyl)amino) phenyl)(2-sulfophenyl)methylene)-2,5-cyclohexadien-1-ylidene)-3-sulfo-, hydroxide, inner salt, disodium salt"	"223-339-8"	"3844-45-9"	"42090"	"Blue"	""	"All cosmetic products"	"Purity criteria as set out in Commission Directive 95/45/EC (E 133)"	""	""	"Colorant"	""	
"Benzene-methanaminium, N-ethyl-N-(4-((4-(ethyl((3-sulfophenyl)methyl)amino) phenyl)(4-hydroxy-2-sulfophenyl)methylene)-2,5-cyclohexadien-1-ylidene)-3-sulfo-, hydroxide, inner salt, disodium salt"	"219-091-5"	"2353-45-9"	"61"	"Benzene-methanaminium, N-ethyl-N-(4-((4-(ethyl((3-sulfophenyl)methyl)amino) phenyl)(4-hydroxy-2-sulfophenyl)methylene)-2,5-cyclohexadien-1-ylidene)-3-sulfo-, hydroxide, inner salt, disodium salt"	""	"2353-45-9"	"42053"	"Green"	""	"All cosmetic products except when used as a substance in hair dye products"	""	""	""	"Colorant"	""	
"Benzenesulfonic acid, 2,2'-(1,2-ethenediyl)bis[5-nitro-, disodium salt, reaction products with 4-[(4-aminophenyl)azo] benzenesulfonic acid, sodium salts"	"215-397-8"	"1325-54-8"	"54"	"Benzenesulfonic acid, 2,2&#39;-(1,2-ethenediyl)bis[5-nitro-, disodium salt, reaction products with 4-[(4-aminophenyl)azo] benzenesulfonic acid, sodium salts"	""	"1325-54-8"	"40215"	"Orange"	""	"Rinse-off products"	""	""	""	"Colorant"	""	
"beta Carotene"	"230-636-6"	"7235-40-7"	"55"	"beta Carotene"	"230-636-6"	"7235-40-7"	"40800"	"Orange"	""	"All cosmetic products"	"Purity criteria as set out in Commission Directive 95/45/EC (E 160a)"	""	""	"Colorant"	""	
"Bisbenzimidazo[2,1-b:2',1'-i]benzo[lmn][3,8]phenanthroline-8,17-dione"	"224-597-4"	"4424-06-0"	"97"	"Bisbenzimidazo[2,1-b:2&#39;,1&#39;-i]benzo[lmn][3,8]phenanthroline-8,17-dione"	""	"4424-06-0"	"71105"	"Orange"	""	"All cosmetic products except those applied to mucous membranes"	"Not to be used in products applied to mucous membranes"	""	""	"Colorant"	""	
"Bismuth chloride oxide"	"232-122-7"	"7787-59-9"	"123"	"Bismuth chloride oxide"	""	"7787-59-9"	"77163"	"White"	""	"All cosmetic products"	""	""	""	"Colorant"	""	
"Calcium 3-hydroxy-4-[(1-sulphonato-2-naphthyl)azo]-2-naphthoate"	"229-142-3"	"6417-83-0"	"29"	"Calcium 3-hydroxy-4-[(1-sulphonato-2-naphthyl)azo]-2-naphthoate"	""	"6417-83-0"	"15880"	"Red"	""	"All cosmetic products except when used as a substance in hair dye products"	""	""	""	"Colorant"	""	
"Calcium 3-Hydroxy-4-[(4-methyl-2-sulphonatophenyl)azo]-2-naphthoate"	"226-109-5"	"5281-04-9"	"27"	"Calcium 3-Hydroxy-4-[(4-methyl-2-sulphonatophenyl)azo]-2-naphthoate"	"226-109-5"	"5281-04-9"	"15850"	"Red"	""	"All cosmetic products"	"Purity criteria as set out in Commission Directive 95/45/EC (E 180)"	""	""	"Colorant"	""	
"Calcium bis[3-hydroxy-4-(phenylazo)-2-naphthoate]"	"228-899-7"	"6371-76-2"	"26"	"Calcium bis[3-hydroxy-4-(phenylazo)-2-naphthoate]"	""	"6371-76-2"	"15800"	"Red"	""	"All cosmetic products except those applied to mucous membranes and when used as a substance in hair dye products"	"Not to be used in products applied to mucous membranes"	""	""	"Colorant"	""	
"Calcium carbonate"	"207-439-9"	"471-34-1"	"124"	"Calcium carbonate"	"207-439-9"	"471-34-1"	"77220"	"White"	""	"All cosmetic products"	"Purity criteria as set out in Commission Directive 95/45/EC (E 170)"	""	""	"Colorant"	""	
"Calcium disodium bis[2-chloro-5-[(2-hydroxy-1-naphthyl)azo]-4-sulphonatobenzoate]"	"227-456-5"	"5850-80-6"	"22"	"Calcium disodium bis[2-chloro-5-[(2-hydroxy-1-naphthyl)azo]-4-sulphonatobenzoate]"	""	"5850-80-6"	"15525"	"Red"	""	"All cosmetic products"	""	""	""	"Colorant"	""	
"Calcium stearate"	"216-472-8"	"1592-23-0"	"150"	"Calcium stearate"	"216-472-8"	"1592-23-0"	""	"White"	""	"All cosmetic products"	""	""	""	"Colorant"	""	
"Calcium sulfate"	"231-900-3"	"7778-18-9"	"125"	"Calcium sulfate"	""	"7778-18-9"	"77231"	"White"	""	"All cosmetic products"	""	""	""	"Colorant"	""	
"Canthaxanthin"	"208-187-2"	"514-78-3"	"58"	"Canthaxanthin"	"208-187-2"	"514-78-3"	"40850"	"Orange"	""	"All cosmetic products"	"Purity criteria as set out in Commission Directive 95/45/EC (E 161g)"	""	""	"Colorant"	""	
"Caramel"	"232-435-9"	"8028-89-5"	"146"	"Caramel"	"232-435-9"	"8028-89-5"	""	"Brown"	""	"All cosmetic products"	"Purity criteria as set out in Commission Directive 95/45/EC (E 150a-d)"	""	""	"Colorant"	""	
"Carbon"	"231-153-3"	"7440-44-0"	"126"	"Carbon"	"231-153-3"	"7440-44-0"	"77266"	"Black"	""	"All cosmetic products"	"Purity &gt; 97 %, with the following impurity profile: Ash content ≤ 0.15 %, total sulphur ≤ 0.65 %, total PAH ≤ 500 ppb and benzo(a)pyrene ≤ 5 ppb, dibenz(a,h)anthracene ≤ 5 ppb, total As ≤ 3 ppm, total Pb ≤ 10 ppm, total Hg ≤ 1 ppm"	""	""	"Colorant"	""	
"Carbon"	"231-153-3"	"7440-44-0"	"126a"	"Carbon"	"231-153-3"	"7440-44-0"	"77266"	"Black"	"Nano"	"All cosmetic products"	"Not to be used in applications that may lead to exposure of the end user&#39;s lungs by inhalation; Only nanomaterials having the following characteristics are allowed: Purity &gt; 97 %, with the following impurity profile: Ash content ≤ 0.15 %, total sulphur ≤ 0.65 %, total PAH ≤ 500 ppb and benzo(a)pyrene ≤ 5 ppb, dibenz(a,h)anthracene ≤ 5 ppb, total As ≤ 3 ppm, total Pb ≤ 10 ppm, and total Hg ≤ 1 ppm; Primary particle size ≥ 20 nm"	"10 %"	""	"Colorant"	""	
"Carbon black"	"215-609-9"	"1333-86-4"	"126"	"Carbon black"	"215-609-9"	"1333-86-4"	"77266"	"Black"	""	"All cosmetic products"	"Purity &gt; 97 %, with the following impurity profile: Ash content ≤ 0.15 %, total sulphur ≤ 0.65 %, total PAH ≤ 500 ppb and benzo(a)pyrene ≤ 5 ppb, dibenz(a,h)anthracene ≤ 5 ppb, total As ≤ 3 ppm, total Pb ≤ 10 ppm, total Hg ≤ 1 ppm"	""	""	"Colorant"	""	
"Carbon black"	"215-609-9"	"1333-86-4"	"126a"	"Carbon black"	"215-609-9"	"1333-86-4"	"77266"	"Black"	"Nano"	"All cosmetic products"	"Not to be used in applications that may lead to exposure of the end user&#39;s lungs by inhalation; Only nanomaterials having the following characteristics are allowed: Purity &gt; 97 %, with the following impurity profile: Ash content ≤ 0.15 %, total sulphur ≤ 0.65 %, total PAH ≤ 500 ppb and benzo(a)pyrene ≤ 5 ppb, dibenz(a,h)anthracene ≤ 5 ppb, total As ≤ 3 ppm, total Pb ≤ 10 ppm, and total Hg ≤ 1 ppm; Primary particle size ≥ 20 nm"	"10 %"	""	"Colorant"	""	
"Carmine"	"215-724-4"	"1390-65-4"	"115"	"Carmine"	"215-724-4"	"1390-65-4"	""	""	""	"All cosmetic products"	"Purity criteria as set out in Commission Directive 95/45/EC (E 120)"	""	""	"Colorant"	""	
"Carminic acid"	"215-023-3"	"1260-17-9"	"115"	"Carminic acid"	"215-023-3"	"1260-17-9"	"75470"	"Red"	""	"All cosmetic products"	"Purity criteria as set out in Commission Directive 95/45/EC (E 120)"	""	""	"Colorant"	""	
"Charcoal, bone"	"232-421-2"	"8021-99-6"	"127"	"Charcoal, bone"	""	"8021-99-6"	"77267"	"Black"	""	"All cosmetic products"	""	""	""	"Colorant"	"A fine black powder obtained by burning animal bones in a closed container; It consists primarily of calcium phosphate and carbon"	
"Chlorophyllins"	"287-483-3"	"85536-03-4"	"116"	"Chlorophyllins"	"287-483-3"	"85536-03-4"	""	""	""	"All cosmetic products"	"Purity criteria as set out in Commission Directive 95/45/EC (E 140, E 141)"	""	""	"Colorant"	""	
"Chlorophylls"	"215-800-7"	"1406-65-1"	"116"	"Chlorophylls"	"215-800-7"	"1406-65-1"	""	""	""	"All cosmetic products"	"Purity criteria as set out in Commission Directive 95/45/EC (E 140, E 141)"	""	""	"Colorant"	""	
"Chromium (III) hydroxide"	"601-657-1"	"12001-99-9"	"130"	"Chromium (III) hydroxide"	""	"12001-99-9"	"77289"	"Green"	""	"All cosmetic products"	"Free from chromate ion"	""	""	"Colorant"	""	
"Chromium (III) oxide"	"215-160-9"	"1308-38-9"	"129"	"Chromium (III) oxide"	""	"1308-38-9"	"77288"	"Green"	""	"All cosmetic products"	"Free from chromate ion"	""	""	"Colorant"	""	
"CI Food Orange 5"	"214-171-6"	"1107-26-2"	"111"	"CI Food Orange 5"	"214-171-6"	"1107-26-2"	"75130"	"Orange"	""	"All cosmetic products"	"Purity criteria as set out in Commission Directive 95/45/EC (E 160a)"	""	""	"Colorant"	""	
"Cobalt aluminum oxide"	"310-193-6"	"1345-16-0"	"131"	"Cobalt aluminum oxide"	""	"1345-16-0"	"77346"	"Green"	""	"All cosmetic products"	""	""	""	"Colorant"	""	
"Cochineal"	"215-680-6"	"1343-78-8"	"115"	"Cochineal"	"215-680-6"	"1343-78-8"	""	""	""	"All cosmetic products"	"Purity criteria as set out in Commission Directive 95/45/EC (E 120)"	""	""	"Colorant"	""	
"Coke black"	"215-669-6"	"1339-82-8"	"128"	"Coke black"	""	"1339-82-8"	"77268:1"	"Black"	""	"All cosmetic products"	""	""	""	"Colorant"	""	
"Copper"	"231-159-6"	"7440-50-8"	"132"	"Copper"	""	"7440-50-8"	"77400"	"Brown"	""	"All cosmetic products"	""	""	""	"Colorant"	""	
"Copper, [3,7,11,15-tetramethyl-2-hexadecenyl 9-ethenyl-14-ethyl-13-formyl-21-(methoxycarbonyl)-4,8,18-trimethyl-20-oxo-3-phorbinepropanoato(2-)-N23,N24,N25,N26]-, [SP-4-2-[3S-[3α(2E,7S*,11S*),4β,21β]]]-"	"246-020-5"	"24111-17-9"	"116"	"Copper, [3,7,11,15-tetramethyl-2-hexadecenyl 9-ethenyl-14-ethyl-13-formyl-21-(methoxycarbonyl)-4,8,18-trimethyl-20-oxo-3-phorbinepropanoato(2-)-N23,N24,N25,N26]-, [SP-4-2-[3S-[3α(2E,7S*,11S*),4β,21β]]]-"	"246-020-5"	"24111-17-9"	""	""	""	"All cosmetic products"	"Purity criteria as set out in Commission Directive 95/45/EC (E 140, E 141)"	""	""	"Colorant"	""	
"Copper, [3,7,11,15-tetramethyl-2-hexadecenyl 9-ethenyl-14-ethyl-21-(methoxycarbonyl)-4,8,13,18-tetramethyl-20-oxo-3-phorbinepropanoato(2-)-N23,N24,N25,N26]-, [SP-4-2-[3S-[3α(2E,7S*,11S*),4β,21β]]]-"	"239-830-5"	"15739-09-0"	"116"	"Copper, [3,7,11,15-tetramethyl-2-hexadecenyl 9-ethenyl-14-ethyl-21-(methoxycarbonyl)-4,8,13,18-tetramethyl-20-oxo-3-phorbinepropanoato(2-)-N23,N24,N25,N26]-, [SP-4-2-[3S-[3α(2E,7S*,11S*),4β,21β]]]-"	"239-830-5"	"15739-09-0"	""	""	""	"All cosmetic products"	"Purity criteria as set out in Commission Directive 95/45/EC (E 140, E 141)"	""	""	"Colorant"	""	
"Curcumins"	"207-280-5"	"458-37-7"	"114"	"Curcumins"	"207-280-5"	"458-37-7"	"75300"	"Yellow"	""	"All cosmetic products"	"Purity criteria as set out in Commission Directive 95/45/EC (E 100)"	""	""	"Colorant"	""	
"Cyanidin chloride"	"208-438-6"	"528-58-5"	"149"	"Cyanidin chloride"	"208-438-6"	"528-58-5"	""	"Red"	""	"All cosmetic products"	"Purity criteria as set out in Commission Directive 95/45/EC (E 163)"	""	""	"Colorant"	""	
"Delphinidin"	"208-437-0"	"528-53-0"	"149"	"Delphinidin"	"208-437-0"	"528-53-0"	""	"Red"	""	"All cosmetic products"	"Purity criteria as set out in Commission Directive 95/45/EC (E 163)"	""	""	"Colorant"	""	
"Dipotassium 3,6-dichloro-2-(2,4,5,7-tetrabromo-6-oxido-3-oxoxanthen-9-yl)benzoate"	"229-225-4"	"6441-77-6"	"78"	"Dipotassium 3,6-dichloro-2-(2,4,5,7-tetrabromo-6-oxido-3-oxoxanthen-9-yl)benzoate"	""	"6441-77-6"	"45405"	"Red"	""	"All cosmetic products except eye products"	"Not to be used in eye products; Not more than 1% 2-(6-hydroxy-3-oxo-3H-xanthen-9-yl) benzoic acid; Not more than 2 % 2-(bromo-6-hydroxy-3-oxo-3H-xanthen-9-yl) benzoic acid"	""	""	"Colorant"	""	
"Disodium 2,2'-(9,10-dioxoanthracene-1,4-diyldiimino)bis(5-methylsulphonate)"	"224-546-6"	"4403-90-1"	"92"	"Disodium 2,2&#39;-(9,10-dioxoanthracene-1,4-diyldiimino)bis(5-methylsulphonate)"	""	"4403-90-1"	"61570"	"Green"	""	"All cosmetic products"	""	""	""	"Colorant"	""	
"Disodium 2,5-dichloro-4-(5-hydroxy-3-methyl-4-((sulphophenyl)azo)pyrazol-1-yl)benzenesulphonate"	"228-819-0"	"6359-98-4"	"43"	"Disodium 2,5-dichloro-4-(5-hydroxy-3-methyl-4-((sulphophenyl)azo)pyrazol-1-yl)benzenesulphonate"	""	"6359-98-4"	"18965"	"Yellow"	""	"All cosmetic products"	""	""	""	"Colorant"	""	
"Disodium 2-(2,4,5,7-tetrabromo-6-oxido-3-oxoxanthen-9-yl)benzoate"	"241-409-6"	"17372-87-1"	"76"	"Disodium 2-(2,4,5,7-tetrabromo-6-oxido-3-oxoxanthen-9-yl)benzoate"	""	"17372-87-1"	"45380"	"Red"	""	"All cosmetic products except when used as a substance in hair dye products"	"Not more than 1% 2-(6-hydroxy-3-oxo-3H-xanthen-9-yl) benzoic acid; Not more than 2 % 2-(bromo-6-hydroxy-3-oxo-3H-xanthen-9-yl) benzoic acid"	""	""	"Colorant"	""	
"Disodium 2-(2,4,5,7-tetraiodo-6-oxido-3-oxoxanthen-9-yl)benzoate"	"240-474-8"	"16423-68-0"	"80"	"Disodium 2-(2,4,5,7-tetraiodo-6-oxido-3-oxoxanthen-9-yl)benzoate"	"240-474-8"	"16423-68-0"	"45430"	"Red"	""	"All cosmetic products except when used as a substance in hair dye products"	"Purity criteria as set out in Commission Directive 95/45/EC (E 127)"	""	""	"Colorant"	""	
"Disodium 2-(3-oxo-6-oxidoxanthen-9-yl)benzoate"	"208-253-0"	"518-47-8"	"74"	"Disodium 2-(3-oxo-6-oxidoxanthen-9-yl)benzoate"	""	"518-47-8"	"45350"	"Yellow"	""	"All cosmetic products except when used as a substance in hair dye products"	""	"6 %"	""	"Colorant"	""	
"Disodium 2-amino-5-[(4-sulphonatophenyl)azo]benzenesulphonate"	"220-293-0"	"2706-28-7"	"16"	"Disodium 2-amino-5-[(4-sulphonatophenyl)azo]benzenesulphonate"	""	"2706-28-7"	"13015"	"Yellow"	""	"All cosmetic products"	""	""	""	"Colorant"	""	
"Disodium 3-[(2,4-dimethyl-5-sulphonatophenyl)azo]-4-hydroxynaphthalene-1-sulphonate"	"224-909-9"	"4548-53-2"	"18"	"Disodium 3-[(2,4-dimethyl-5-sulphonatophenyl)azo]-4-hydroxynaphthalene-1-sulphonate"	""	"4548-53-2"	"14700"	"Red"	""	"All cosmetic products except when used as a substance in hair dye products"	""	""	""	"Colorant"	""	
"Disodium 3-hydroxy-4-[(4-methyl-2-sulphonatophenyl)azo]-2-naphthoate"	"227-497-9"	"5858-81-1"	"27"	"Disodium 3-hydroxy-4-[(4-methyl-2-sulphonatophenyl)azo]-2-naphthoate"	"227-497-9"	"5858-81-1"	"15850"	"Red"	""	"All cosmetic products"	"Purity criteria as set out in Commission Directive 95/45/EC (E 180)"	""	""	"Colorant"	""	
"Disodium 4,6-dihydroxy-3-[[4-[1-[4-[[1-hydroxy-7-[(phenylsulphonyl)oxy]-3-sulphonato-2-naphthyl]azo]phenyl]cyclohexyl] phenyl]azo]naphthalene-2-sulphonate"	"236-531-1"	"13421-53-9"	"50"	"Disodium 4,6-dihydroxy-3-[[4-[1-[4-[[1-hydroxy-7-[(phenylsulphonyl)oxy]-3-sulphonato-2-naphthyl]azo]phenyl]cyclohexyl] phenyl]azo]naphthalene-2-sulphonate"	""	"13421-53-9"	"24790"	"Red"	""	"Rinse-off products"	""	""	""	"Colorant"	""	
"Disodium 4-[(5-chloro-4-methyl-2-sulphonatophenyl)azo]-3-hydroxy-2-naphthoate"	"222-642-2"	"3564-21-4"	"28"	"Disodium 4-[(5-chloro-4-methyl-2-sulphonatophenyl)azo]-3-hydroxy-2-naphthoate"	""	"3564-21-4"	"15865"	"Red"	""	"All cosmetic products except when used as a substance in hair dye products"	""	""	""	"Colorant"	""	
"Disodium 4-hydroxy-3-[(4-sulphonatonaphthyl)azo]naphtha-lenesulphonate"	"222-657-4"	"3567-69-9"	"19"	"Disodium 4-hydroxy-3-[(4-sulphonatonaphthyl)azo]naphtha-lenesulphonate"	"222-657-4"	"3567-69-9"	"14720"	"Red"	""	"All cosmetic products"	"Purity criteria as set out in Commission Directive 95/45/EC (E 122)"	""	""	"Colorant"	""	
"Disodium 5,5'-(2-(1,3-dihydro-3-oxo-2H-indazol-2-ylidene)-1,2-dihydro-3H-indol-3-one)disulphonate"	"212-728-8"	"860-22-0"	"99"	"Disodium 5,5&#39;-(2-(1,3-dihydro-3-oxo-2H-indazol-2-ylidene)-1,2-dihydro-3H-indol-3-one)disulphonate"	"212-728-8"	"860-22-0"	"73015"	"Blue"	""	"All cosmetic products"	"Purity criteria as set out in Commission Directive 95/45/EC (E 132)"	""	""	"Colorant"	""	
"Disodium 5,7-dinitro-8-oxidonaphthalene-2-sulphonate"	"212-690-2"	"846-70-8"	"3"	"Disodium 5,7-dinitro-8-oxidonaphthalene-2-sulphonate"	"212-690-2"	"846-70-8"	"10316"	"Yellow"	""	"All cosmetic products except eye products"	"Not to be used in eye products"	""	""	"Colorant"	""	
"Disodium 5-acetylamino-4-hydroxy-3-(phenylazo)naphthalene-2,7-disulphonate"	"223-098-9"	"3734-67-6"	"38"	"Disodium 5-acetylamino-4-hydroxy-3-(phenylazo)naphthalene-2,7-disulphonate"	"223-098-9"	"3734-67-6"	"18050"	"Red"	""	"All cosmetic products except those applied to mucous membranes"	"Not to be used in products applied to mucous membranes; Purity criteria as set out in Commission Directive 95/45/EC (E 128)"	""	""	"Colorant"	""	
"Disodium 5-amino-4-hydroxy-3-(phenylazo)naphthalene-2,7-disulphonate"	"222-656-9"	"3567-66-6"	"37"	"Disodium 5-amino-4-hydroxy-3-(phenylazo)naphthalene-2,7-disulphonate"	""	"3567-66-6"	"17200"	"Red"	""	"All cosmetic products"	""	""	""	"Colorant"	""	
"Disodium 6-[(2,4-dimethyl-6-sulphonatophenyl)azo]-5-hydroxynaphthalene-1-sulphonate"	"221-856-3"	"3257-28-1"	"20"	"Disodium 6-[(2,4-dimethyl-6-sulphonatophenyl)azo]-5-hydroxynaphthalene-1-sulphonate"	""	"3257-28-1"	"14815"	"Red"	""	"All cosmetic products"	""	""	""	"Colorant"	""	
"Disodium 6-hydroxy-5-[(2-methoxy-4-sulphonato-m-tolyl)azo]naphthalene-2-sulphonate"	"247-368-0"	"25956-17-6"	"32"	"Disodium 6-hydroxy-5-[(2-methoxy-4-sulphonato-m-tolyl)azo]naphthalene-2-sulphonate"	"247-368-0"	"25956-17-6"	"16035"	"Red"	""	"All cosmetic products"	"Purity criteria as set out in Commission Directive 95/45/EC (E 129)"	""	""	"Colorant"	""	
"Disodium 6-hydroxy-5-[(3-sulphonatophenyl)azo]naphthalene-2-sulphonate"	"219-073-7"	"2347-72-0"	"30"	"Disodium 6-hydroxy-5-[(3-sulphonatophenyl)azo]naphthalene-2-sulphonate"	""	"2347-72-0"	"15980"	"Orange"	""	"All cosmetic products"	""	""	""	"Colorant"	""	
"Disodium 6-hydroxy-5-[(4-sulphonatophenyl)azo]naphthalene-2-sulphonate"	"220-491-7"	"2783-94-0"	"31"	"Disodium 6-hydroxy-5-[(4-sulphonatophenyl)azo]naphthalene-2-sulphonate"	"220-491-7"	"2783-94-0"	"15985"	"Yellow"	""	"All cosmetic products"	"Purity criteria as set out in Commission Directive 95/45/EC (E 110)"	""	""	"Colorant"	""	
"Disodium 7-hydroxy-8-(phenylazo)naphthalene-1,3-disulphonate"	"217-705-6"	"1936-15-8"	"34"	"Disodium 7-hydroxy-8-(phenylazo)naphthalene-1,3-disulphonate"	""	"1936-15-8"	"16230"	"Orange"	""	"All cosmetic products except those applied to mucous membranes"	"Not to be used in products applied to mucous membranes"	""	""	"Colorant"	""	
"Disodium [29H,31H-phthalocyaninedisulphonato (4-)-N29,N30,N31,N32] cuprate (2-)"	"215-537-8"	"1330-38-7"	"106"	"Disodium [29H,31H-phthalocyaninedisulphonato (4-)-N29,N30,N31,N32] cuprate (2-)"	""	"1330-38-7"	"74180"	"Blue"	""	"Rinse-off products except when used as a substance in hair dye products"	""	""	""	"Colorant"	""	
"Disodium hydrogen bis[5-chloro-3-[(4,5-dihydro-3-methyl-5-oxo-1-phenyl-1H-pyrazol-4-yl)azo]-2-hydroxybenzenesulphonato(3-)]chromate(3-)"	"229-051-9"	"6408-26-0"	"41"	"Disodium hydrogen bis[5-chloro-3-[(4,5-dihydro-3-methyl-5-oxo-1-phenyl-1H-pyrazol-4-yl)azo]-2-hydroxybenzenesulphonato(3-)]chromate(3-)"	""	"6408-26-0"	"18736"	"Red"	""	"Rinse-off products"	""	""	""	"Colorant"	""	
"Ethanaminium, N-(4-((4-(diethylamino)phenyl)(5-hydroxy-2,4-disulfophenyl)methylene)-2,5-cyclohexadien-1-ylidene)-N-ethyl-, hydroxide, inner salt, calcium salt (2:1)"	"222-573-8"	"3536-49-0"	"60"	"Ethanaminium, N-(4-((4-(diethylamino)phenyl)(5-hydroxy-2,4-disulfophenyl)methylene)-2,5-cyclohexadien-1-ylidene)-N-ethyl-, hydroxide, inner salt, calcium salt (2:1)"	"222-573-8"	"3536-49-0"	"42051"	"Blue"	""	"All cosmetic products except when used as a substance in hair dye products"	"Purity criteria as set out in Commission Directive 95/45/EC (E 131)"	""	""	"Colorant"	""	
"Ethyl 8'-apo-β-caroten-8'-oate"	"214-173-7"	"1109-11-1"	"57"	"Ethyl 8&#39;-apo-β-caroten-8&#39;-oate"	"214-173-7"	"1109-11-1"	"40825"	"Orange"	""	"All cosmetic products"	"Purity criteria as set out in Commission Directive 95/45/EC (E 160f)"	""	""	"Colorant"	""	
"Ferric ammonium ferrocyanide"	"237-875-5"	"14038-43-8"	"138"	"Ferric ammonium ferrocyanide"	""	"14038-43-8"	"77510"	"Blue"	""	"All cosmetic products"	"Free from cyanide ions"	""	""	"Colorant"	""	
"Gold"	"231-165-9"	"7440-57-5"	"133"	"Gold"	"231-165-9"	"7440-57-5"	"77480"	"Brown"	""	"All cosmetic products"	"Purity criteria as set out in Commission Directive 95/45/EC (E 175)"	""	""	"Colorant"	""	
"Hydrogen (benzyl)[4-[[4-[benzylethylamino]phenyl](2,4-disulphonatophenyl)methylene]cyclohexa-2,5-dien-1-ylidene](ethyl)ammonium, sodium salt"	"222-476-0"	"3486-30-4"	"62"	"Hydrogen (benzyl)[4-[[4-[benzylethylamino]phenyl](2,4-disulphonatophenyl)methylene]cyclohexa-2,5-dien-1-ylidene](ethyl)ammonium, sodium salt"	""	"3486-30-4"	"42080"	"Blue"	""	"Rinse-off products"	""	""	""	"Colorant"	""	
"Hydrogen 3,6-bis(diethylamino)-9-(2,4-disulphonatophenyl)xanthylium, sodium salt"	"222-529-8"	"3520-42-1"	"71"	"Hydrogen 3,6-bis(diethylamino)-9-(2,4-disulphonatophenyl)xanthylium, sodium salt"	""	"3520-42-1"	"45100"	"Red"	""	"Rinse-off products"	""	""	""	"Colorant"	""	
"Hydrogen 9-(2,4-disulphonatophenyl)-3,6-bis(ethylamino)-2,7-dimethylxanthylium, monosodium salt"	"227-528-6"	"5873-16-5"	"73"	"Hydrogen 9-(2,4-disulphonatophenyl)-3,6-bis(ethylamino)-2,7-dimethylxanthylium, monosodium salt"	""	"5873-16-5"	"45220"	"Red"	""	"Rinse-off products"	""	""	""	"Colorant"	""	
"Hydrogen 9-(2-carboxylatophenyl)-3-(2-methylanilino)-6-(2-methyl-4-sulphoanilino)xanthylium, monosodium salt"	"228-377-9"	"6252-76-2"	"72"	"Hydrogen 9-(2-carboxylatophenyl)-3-(2-methylanilino)-6-(2-methyl-4-sulphoanilino)xanthylium, monosodium salt"	""	"6252-76-2"	"45190"	"Violet"	""	"Rinse-off products except when used as a substance in hair dye products"	""	""	""	"Colorant"	""	
"Hydrogen 9-[(3-methoxyphenyl)amino]-7-phenyl-5-(phenylamino)-4,10-disulphonatobenzo[a]phenazinium, sodium salt"	"614-430-7"	"6837-46-3"	"83"	"Hydrogen 9-[(3-methoxyphenyl)amino]-7-phenyl-5-(phenylamino)-4,10-disulphonatobenzo[a]phenazinium, sodium salt"	""	"6837-46-3"	"50325"	"Violet"	""	"Rinse-off products"	""	""	""	"Colorant"	""	
"Hydrogen [4-[(2-chlorophenyl)[4-[ethyl (3-sulphonatobenzyl)amino]phenyl] methylene]cyclohexa-2,5-dien-1-ylidene](ethyl)(3-sulphonatobenzyl)ammonium, sodium salt"	"225-458-0"	"4857-81-2"	"64"	"Hydrogen [4-[(2-chlorophenyl)[4-[ethyl (3-sulphonatobenzyl)amino]phenyl] methylene]cyclohexa-2,5-dien-1-ylidene](ethyl)(3-sulphonatobenzyl)ammonium, sodium salt"	""	"4857-81-2"	"42100"	"Green"	""	"Rinse-off products"	""	""	""	"Colorant"	""	
"Hydrogen [4-[(2-chlorophenyl)[4-[ethyl(3-sulphonatobenzyl)amino]-o-tolyl]methylene]-3-methylcyclohexa-2,5-dien-1-ylidene](ethyl)(3-sulphonatobenzyl)ammonium, sodium salt"	"227-513-4"	"5863-51-4"	"65"	"Hydrogen [4-[(2-chlorophenyl)[4-[ethyl(3-sulphonatobenzyl)amino]-o-tolyl]methylene]-3-methylcyclohexa-2,5-dien-1-ylidene](ethyl)(3-sulphonatobenzyl)ammonium, sodium salt"	""	"5863-51-4"	"42170"	"Green"	""	"Rinse-off products"	""	""	""	"Colorant"	""	
"Hydrogen [4-[4-(dimethylamino)-α-(2-hydroxy-3,6-disulphonato-1-naphthyl)benzylidene]cyclohexa-2,5-dien-1-ylidene]dimethylammonium, monosodium salt"	"221-409-2"	"3087-16-9"	"70"	"Hydrogen [4-[4-(dimethylamino)-α-(2-hydroxy-3,6-disulphonato-1-naphthyl)benzylidene]cyclohexa-2,5-dien-1-ylidene]dimethylammonium, monosodium salt"	"221-409-2"	"3087-16-9"	"44090"	"Green"	""	"All cosmetic products"	"Purity criteria as set out in Commission Directive 95/45/EC (E 142)"	""	""	"Colorant"	""	
"Hydrogen [4-[[4-(diethylamino)phenyl][4-[ethyl[(3-sulphonatobenzyl)amino]-o-tolyl]methylene]-3-methylcyclohexa-2,5-dien-1-ylidene](ethyl)(3-sulphonatobenzyl)ammonium, sodium salt"	"229-390-2"	"6505-30-2"	"68"	"Hydrogen [4-[[4-(diethylamino)phenyl][4-[ethyl[(3-sulphonatobenzyl)amino]-o-tolyl]methylene]-3-methylcyclohexa-2,5-dien-1-ylidene](ethyl)(3-sulphonatobenzyl)ammonium, sodium salt"	""	"6505-30-2"	"42735"	"Blue"	""	"All cosmetic products except those applied to mucous membranes"	"Not to be used in products applied to mucous membranes"	""	""	"Colorant"	""	
"Hydrogen bis[2-[(4,5-dihydro-3-methyl-5-oxo-1-phenyl-1H-pyrazol-4-yl)azo]benzoato(2-)]chromate(1-)"	"227-022-5"	"5601-29-6"	"40"	"Hydrogen bis[2-[(4,5-dihydro-3-methyl-5-oxo-1-phenyl-1H-pyrazol-4-yl)azo]benzoato(2-)]chromate(1-)"	""	"5601-29-6"	"18690"	"Yellow"	""	"Rinse-off products"	""	""	""	"Colorant"	""	
"Insoluble barium, strontium and zirconium lakes, salts and pigments of 1-[(2-Chloro-4-nitrophenyl)azo]-2-naphthol"	"-"	"-"	"9"	"Insoluble barium, strontium and zirconium lakes, salts and pigments of 1-[(2-Chloro-4-nitrophenyl)azo]-2-naphthol"	""	""	""	""	""	"All cosmetic products"	""	"3 %"	""	"Colorant"	""	
"Insoluble barium, strontium and zirconium lakes, salts and pigments of 1-Naphthalenesulfonic acid, 2-(2-(2-hydroxy-1-naphthalenyl)diazenyl)-"	"-"	"-"	"25"	"Insoluble barium, strontium and zirconium lakes, salts and pigments of 1-Naphthalenesulfonic acid, 2-(2-(2-hydroxy-1-naphthalenyl)diazenyl)-"	""	""	""	""	""	"All cosmetic products"	""	"3 %"	""	"Colorant"	""	
"Insoluble barium, strontium and zirconium lakes, salts and pigments of 1-Naphthol-3,6-disulfonic acid, 8-amino-2-phenylazo-"	"-"	"-"	"37"	"Insoluble barium, strontium and zirconium lakes, salts and pigments of 1-Naphthol-3,6-disulfonic acid, 8-amino-2-phenylazo-"	""	""	""	""	""	"All cosmetic products"	""	""	""	"Colorant"	""	
"Insoluble barium, strontium and zirconium lakes, salts and pigments of 2',4',5',7'-Tetrabromo-4,5,6,7-tetrachloro-3',6'-dihydroxyspiro(isobenzofuran-1(3H),9'-(9H)xanthene)-3-one"	"-"	"-"	"79"	"Insoluble barium, strontium and zirconium lakes, salts and pigments of 2&#39;,4&#39;,5&#39;,7&#39;-Tetrabromo-4,5,6,7-tetrachloro-3&#39;,6&#39;-dihydroxyspiro(isobenzofuran-1(3H),9&#39;-(9H)xanthene)-3-one"	""	""	""	""	""	"All cosmetic products"	"Not more than 1% 2-(6-hydroxy-3-oxo-3H-xanthen-9-yl) benzoic acid; Not more than 2 % 2-(bromo-6-hydroxy-3-oxo-3H-xanthen-9-yl) benzoic acid"	""	""	"Colorant"	""	
"Insoluble barium, strontium and zirconium lakes, salts and pigments of 2-Naphthalenecarboxylic acid, 3-hydroxy-4-(2-(4-methyl-2-sulfophenyl)diazenyl)-"	"-"	"-"	"27"	"Insoluble barium, strontium and zirconium lakes, salts and pigments of 2-Naphthalenecarboxylic acid, 3-hydroxy-4-(2-(4-methyl-2-sulfophenyl)diazenyl)-"	""	""	""	""	""	"All cosmetic products"	"Purity criteria as set out in Commission Directive 95/45/EC (E 180)"	""	""	"Colorant"	""	
"Insoluble barium, strontium and zirconium lakes, salts and pigments of 2-Naphthalenecarboxylic acid, 4-((5-chloro-4-methyl-2-sulfophenyl)azo)-3-hydroxy-"	"-"	"-"	"28"	"Insoluble barium, strontium and zirconium lakes, salts and pigments of 2-Naphthalenecarboxylic acid, 4-((5-chloro-4-methyl-2-sulfophenyl)azo)-3-hydroxy-"	""	""	""	""	""	"All cosmetic products"	""	""	""	"Colorant"	""	
"Insoluble barium, strontium and zirconium lakes, salts and pigments of 2-Naphthalenesulfonic acid, 8-hydroxy-5,7-dinitro-"	"-"	"-"	"3"	"Insoluble barium, strontium and zirconium lakes, salts and pigments of 2-Naphthalenesulfonic acid, 8-hydroxy-5,7-dinitro-"	""	""	""	""	""	"All cosmetic products except eye products"	"Not to be used in eye products"	""	""	"Colorant"	""	
"Insoluble barium, strontium and zirconium lakes, salts and pigments of 3',6'-Dihydroxy-2',4',5',7'-tetraiodospiro(isobenzofuran-1(3H),9'-(9H)xanthene)-3-one"	"-"	"-"	"80"	"Insoluble barium, strontium and zirconium lakes, salts and pigments of 3&#39;,6&#39;-Dihydroxy-2&#39;,4&#39;,5&#39;,7&#39;-tetraiodospiro(isobenzofuran-1(3H),9&#39;-(9H)xanthene)-3-one"	""	""	""	""	""	"All cosmetic products"	"Purity criteria as set out in Commission Directive 95/45/EC (E 127)"	""	""	"Colorant"	""	
"Insoluble barium, strontium and zirconium lakes, salts and pigments of 4',5'-Dibromo-3',6'-dihydroxyspiro[isobenzofuran-1(3H),9'-[9H]xanthene]-3-one"	"-"	"-"	"75"	"Insoluble barium, strontium and zirconium lakes, salts and pigments of 4&#39;,5&#39;-Dibromo-3&#39;,6&#39;-dihydroxyspiro[isobenzofuran-1(3H),9&#39;-[9H]xanthene]-3-one"	""	""	""	""	""	"All cosmetic products"	"Not more than 1% 2-(6-hydroxy-3-oxo-3H-xanthen-9-yl) benzoic acid; Not more than 2 % 2-(bromo-6-hydroxy-3-oxo-3H-xanthen-9-yl) benzoic acid"	""	""	"Colorant"	""	
"Insoluble barium, strontium and zirconium lakes, salts and pigments of 4,5-Dihydro-5-oxo-1-(4-sulphophenyl)-4-((4-sulphophenyl)azo)-1H-pyrazole-3-carboxylic acid"	"-"	"-"	"44"	"Insoluble barium, strontium and zirconium lakes, salts and pigments of 4,5-Dihydro-5-oxo-1-(4-sulphophenyl)-4-((4-sulphophenyl)azo)-1H-pyrazole-3-carboxylic acid"	""	""	""	""	""	"All cosmetic products"	"Purity criteria as set out in Commission Directive 95/45/EC (E 102)"	""	""	"Colorant"	""	
"Insoluble barium, strontium and zirconium lakes, salts and pigments of 4-((2-Hydroxy-1-naphthyl)azo)benzenesulphonic acid"	"-"	"-"	"21"	"Insoluble barium, strontium and zirconium lakes, salts and pigments of 4-((2-Hydroxy-1-naphthyl)azo)benzenesulphonic acid"	""	""	""	""	""	"All cosmetic products except eye products"	"Not to be used in eye products"	""	""	"Colorant"	""	
"Insoluble barium, strontium and zirconium lakes, salts and pigments of 6-Hydroxy-5-((4-sulphophenyl)azo)naphthalene-2-sulphonic acid"	"-"	"-"	"31"	"Insoluble barium, strontium and zirconium lakes, salts and pigments of 6-Hydroxy-5-((4-sulphophenyl)azo)naphthalene-2-sulphonic acid"	""	""	""	""	""	"All cosmetic products"	"Purity criteria as set out in Commission Directive 95/45/EC (E 110)"	""	""	"Colorant"	""	
"Insoluble barium, strontium and zirconium lakes, salts and pigments of 7-Hydroxy-8-((4-sulphonaphthyl)azo)naphthalene-1,3-disulphonic acid"	"-"	"-"	"35"	"Insoluble barium, strontium and zirconium lakes, salts and pigments of 7-Hydroxy-8-((4-sulphonaphthyl)azo)naphthalene-1,3-disulphonic acid"	""	""	""	""	""	"All cosmetic products"	"Purity criteria as set out in Commission Directive 95/45/EC (E 124)"	""	""	"Colorant"	""	
"Insoluble barium, strontium and zirconium lakes, salts and pigments of Benzoic acid, 2-(2,4,5,7-tetrabromo-6-hydroxy-3-oxo-3H-xanthen-9-yl)-"	"-"	"-"	"76"	"Insoluble barium, strontium and zirconium lakes, salts and pigments of Benzoic acid, 2-(2,4,5,7-tetrabromo-6-hydroxy-3-oxo-3H-xanthen-9-yl)-"	""	""	""	""	""	"All cosmetic products"	"Not more than 1% 2-(6-hydroxy-3-oxo-3H-xanthen-9-yl) benzoic acid; Not more than 2 % 2-(bromo-6-hydroxy-3-oxo-3H-xanthen-9-yl) benzoic acid"	""	""	"Colorant"	""	
"Insoluble barium, strontium and zirconium lakes, salts and pigments of Ethanaminium, N-(4-((4-(diethylamino)phenyl)(5-hydroxy-2,4-disulfophenyl)methylene)-2,5-cyclohexadien-1-ylidene)-N-ethyl-, hydroxide, inner salt, calcium salt (2:1)"	"-"	"-"	"60"	"Insoluble barium, strontium and zirconium lakes, salts and pigments of Ethanaminium, N-(4-((4-(diethylamino)phenyl)(5-hydroxy-2,4-disulfophenyl)methylene)-2,5-cyclohexadien-1-ylidene)-N-ethyl-, hydroxide, inner salt, calcium salt (2:1)"	""	""	""	""	""	"All cosmetic products"	"Purity criteria as set out in Commission Directive 95/45/EC (E 131)"	""	""	"Colorant"	""	
"Iron oxide"	"215-721-8"	"1345-25-1"	"134"	"Iron oxide"	""	"1345-25-1"	"77489"	"Orange"	""	"All cosmetic products"	""	""	""	"Colorant"	""	
"Iron oxide black"	"235-442-5"	"12227-89-3"	"137"	"Iron oxide black"	"235-442-5"	"12227-89-3"	"77499"	"Black"	""	"All cosmetic products"	"Purity criteria as set out in Commission Directive 95/45/EC (E 172)"	""	""	"Colorant"	""	
"Iron oxide red"	"215-168-2"	"1309-37-1"	"135"	"Iron oxide red"	"215-168-2"	"1309-37-1"	"77491"	"Red"	""	"All cosmetic products"	"Purity criteria as set out in Commission Directive 95/45/EC (E 172)"	""	""	"Colorant"	""	
"Iron oxide yellow"	"257-098-5"	"51274-00-1"	"136"	"Iron oxide yellow"	"257-098-5"	"51274-00-1"	"77492"	"Yellow"	""	"All cosmetic products"	"Purity criteria as set out in Commission Directive 95/45/EC (E 172)"	""	""	"Colorant"	""	
"Lazurite"	"215-111-1"	"1302-83-6"	"120"	"Lazurite"	""	"1302-83-6"	"77007"	"Blue"	""	"All cosmetic products"	""	""	""	"Colorant"	""	
"Limestone"	"215-279-6"	"1317-65-3"	"124"	"Limestone"	"215-279-6"	"1317-65-3"	""	""	""	"All cosmetic products"	"Purity criteria as set out in Commission Directive 95/45/EC (E 170)"	""	""	"Colorant"	""	
"Lycopene"	"207-949-1"	"502-65-8"	"110"	"Lycopene"	""	"502-65-8"	"75125"	"Yellow"	""	"All cosmetic products"	"Purity criteria as set out in Commission Directive 95/45/EC (E 160d)"	""	""	"Colorant"	""	
"Magnesium carbonate"	"208-915-9"	"546-93-0"	"139"	"Magnesium carbonate"	""	"546-93-0"	"77713"	"White"	""	"All cosmetic products"	""	""	""	"Colorant"	""	
"Magnesium stearate"	"209-150-3"	"557-04-0"	"150"	"Magnesium stearate"	"209-150-3"	"557-04-0"	""	"White"	""	"All cosmetic products"	""	""	""	"Colorant"	""	
"Magnesium, [3,7,11,15-tetramethyl-2-hexadecenyl 9-ethenyl-14-ethyl-13-formyl-21-(methoxycarbonyl)-4,8,18-trimethyl-20-oxo-3-phorbinepropanoato(2-)-N23,N24,N25,N26]-, [SP-4-2-[3S-[3α(2E,7S*,11S*),4β,21β]]]-"	"208-272-4"	"519-62-0"	"116"	"Magnesium, [3,7,11,15-tetramethyl-2-hexadecenyl 9-ethenyl-14-ethyl-13-formyl-21-(methoxycarbonyl)-4,8,18-trimethyl-20-oxo-3-phorbinepropanoato(2-)-N23,N24,N25,N26]-, [SP-4-2-[3S-[3α(2E,7S*,11S*),4β,21β]]]-"	"208-272-4"	"519-62-0"	""	""	""	"All cosmetic products"	"Purity criteria as set out in Commission Directive 95/45/EC (E 140, E 141)"	""	""	"Colorant"	""	
"Magnesium, [3,7,11,15-tetramethyl-2-hexadecenyl 9-ethenyl-14-ethyl-21-(methoxycarbonyl)-4,8,13,18-tetramethyl-20-oxo-3-phorbinepropanoato(2-)-N23,N24,N25,N26]-, [SP-4-2-[3S-[3α(2E,7S*,11S*),4β,21β]]]-"	"207-536-6"	"479-61-8"	"116"	"Magnesium, [3,7,11,15-tetramethyl-2-hexadecenyl 9-ethenyl-14-ethyl-21-(methoxycarbonyl)-4,8,13,18-tetramethyl-20-oxo-3-phorbinepropanoato(2-)-N23,N24,N25,N26]-, [SP-4-2-[3S-[3α(2E,7S*,11S*),4β,21β]]]-"	"207-536-6"	"479-61-8"	""	""	""	"All cosmetic products"	"Purity criteria as set out in Commission Directive 95/45/EC (E 140, E 141)"	""	""	"Colorant"	""	
"Malvidin chloride"	"211-403-8"	"643-84-5"	"149"	"Malvidin chloride"	"211-403-8"	"643-84-5"	""	"Red"	""	"All cosmetic products"	"Purity criteria as set out in Commission Directive 95/45/EC (E 163)"	""	""	"Colorant"	""	
"Methyl (9-cis)-hydrogen-6,6'-diapo-psi,psi-carotenedioate"	"230-248-7"	"6983-79-5"	"109"	"Methyl (9-cis)-hydrogen-6,6&#39;-diapo-psi,psi-carotenedioate"	"230-248-7"	"6983-79-5"	""	""	""	"All cosmetic products"	"Purity criteria as set out in Commission Directive 95/45/EC (E 160b)"	""	""	"Colorant"	""	
"N,N'-(3,3'-Dimethyl[1,1'-biphenyl]-4,4'-diyl)bis[2-[(2,4-dichlorophenyl)azo]-3-oxobutyramide]"	"227-783-3"	"5979-28-2"	"45"	"N,N&#39;-(3,3&#39;-Dimethyl[1,1&#39;-biphenyl]-4,4&#39;-diyl)bis[2-[(2,4-dichlorophenyl)azo]-3-oxobutyramide]"	""	"5979-28-2"	"20040"	"Yellow"	""	"Rinse-off products"	"Maximum 3,3&#39;-dimethylbenzidine concentration in the colouring agent is 5 ppm"	""	""	"Colorant"	""	
"N-(4-Chloro-2-methylphenyl)-4-[(4-chloro-2-methylphenyl)azo]-3-hydroxynaphthalene-2-carboxamide"	"229-315-3"	"6471-51-8"	"12"	"N-(4-Chloro-2-methylphenyl)-4-[(4-chloro-2-methylphenyl)azo]-3-hydroxynaphthalene-2-carboxamide"	""	"6471-51-8"	"12420"	"Red"	""	"Rinse-off products"	""	""	""	"Colorant"	""	
"N-(5-Chloro-2,4-dimethoxyphenyl)-4-[[5-[(diethylamino)sulphonyl]-2-methoxyphenyl]azo]-3-hydroxynaphthalene-2-carboxamide"	"229-107-2"	"6410-41-9"	"14"	"N-(5-Chloro-2,4-dimethoxyphenyl)-4-[[5-[(diethylamino)sulphonyl]-2-methoxyphenyl]azo]-3-hydroxynaphthalene-2-carboxamide"	""	"6410-41-9"	"12490"	"Red"	""	"All cosmetic products except when used as a substance in hair dye products"	""	""	""	"Colorant"	""	
"Natural hydrated aluminium silicate, Al2O3.2SiO2.2H2O"	"215-108-5"	"1302-78-9"	"119"	"Natural hydrated aluminium silicate, Al2O3.2SiO2.2H2O"	""	"1302-78-9"	"77004"	"White"	""	"All cosmetic products"	""	""	""	"Colorant"	"Containing calcium, magnesium or iron carbonates, ferric hydroxide, quartz-sand, mica, etc. as impurities"	
"Paprika extract, Capsanthin"	"207-364-1"	"465-42-9"	"147"	"Paprika extract, Capsanthin"	"207-364-1"	"465-42-9"	""	"Orange"	""	"All cosmetic products"	"Purity criteria as set out in Commission Directive 95/45/EC (E 160c)"	""	""	"Colorant"	""	
"Paprika extract, Capsorubin"	"207-425-2"	"470-38-2"	"147"	"Paprika extract, Capsorubin"	"207-425-2"	"470-38-2"	""	"Orange"	""	"All cosmetic products"	"Purity criteria as set out in Commission Directive 95/45/EC (E 160c)"	""	""	"Colorant"	""	
"Pelargonidin"	"205-127-7"	"134-04-3"	"149"	"Pelargonidin"	"205-127-7"	"134-04-3"	""	"Red"	""	"All cosmetic products"	"Purity criteria as set out in Commission Directive 95/45/EC (E 163)"	""	""	"Colorant"	""	
"Peonidin"	"205-125-6"	"134-01-0"	"149"	"Peonidin"	"205-125-6"	"134-01-0"	""	"Red"	""	"All cosmetic products"	"Purity criteria as set out in Commission Directive 95/45/EC (E 163)"	""	""	"Colorant"	""	
"Petunidin"	"215-849-4"	"1429-30-7"	"149"	"Petunidin"	""	"1429-30-7"	""	"Red"	""	"All cosmetic products"	"Purity criteria as set out in Commission Directive 95/45/EC (E 163)"	""	""	"Colorant"	""	
"Phenol, 4,4'-(3H-2,1-benzoxathiol-3-ylidene)bis[2,6-dibromo-3-methyl-,S,S-dioxide"	"200-972-8"	"76-60-8"	"152"	"Phenol, 4,4&#39;-(3H-2,1-benzoxathiol-3-ylidene)bis[2,6-dibromo-3-methyl-,S,S-dioxide"	"200-972-8"	"76-60-8"	""	"Green"	""	"Rinse-off products"	""	""	""	"Colorant"	""	
"Phenol, 4,4'-(3H-2,1-benzoxathiol-3-ylidene)bis[2-bromo-3-methyl-6-(1-methylethyl)-, S,S-dioxide"	"200-971-2"	"76-59-5"	"151"	"Phenol, 4,4&#39;-(3H-2,1-benzoxathiol-3-ylidene)bis[2-bromo-3-methyl-6-(1-methylethyl)-, S,S-dioxide"	"200-971-2"	"76-59-5"	""	"Blue"	""	"Rinse-off products"	""	""	""	"Colorant"	""	
"Polychloro copper phthalocyanine"	"215-524-7"	"1328-53-6"	"107"	"Polychloro copper phthalocyanine"	""	"1328-53-6"	"74260"	"Green"	""	"All cosmetic products except eye products and when used as a substance in hair dye products"	"Not to be used in eye products"	""	""	"Colorant"	""	
"Riboflavin"	"201-507-1"	"83-88-5"	"145"	"Riboflavin"	"201-507-1"	"83-88-5"	""	"Yellow"	""	"All cosmetic products"	"Purity criteria as set out in Commission Directive 95/45/EC (E 101)"	""	""	"Colorant"	""	
"Riboflavin 5'-(sodium hydrogen phosphate)"	"204-988-6"	"130-40-5"	"145"	"Riboflavin 5&#39;-(sodium hydrogen phosphate)"	"204-988-6"	"130-40-5"	""	"Yellow"	""	"All cosmetic products"	"Purity criteria as set out in Commission Directive 95/45/EC (E 101)"	""	""	"Colorant"	""	
"Salts and lakes of (3R)-beta-4-Caroten-3-ol"	"-"	"-"	"112"	"Salts and lakes of (3R)-beta-4-Caroten-3-ol"	""	""	""	""	""	"All cosmetic products"	""	""	""	"Colorant"	""	
"Salts and lakes of 1,2-Dihydroxyanthraquinone"	"-"	"-"	"86"	"Salts and lakes of 1,2-Dihydroxyanthraquinone"	""	""	""	""	""	"All cosmetic products"	""	""	""	"Colorant"	""	
"Salts and lakes of 1,3,6-Naphthalenetrisulfonic acid, 7-hydroxy-8-((4-sulfo-1-naphthalenyl)azo)-"	"-"	"-"	"36"	"Salts and lakes of 1,3,6-Naphthalenetrisulfonic acid, 7-hydroxy-8-((4-sulfo-1-naphthalenyl)azo)-"	""	""	""	""	""	"All cosmetic products"	""	""	""	"Colorant"	""	
"Salts and lakes of 1,3-Isobenzofurandione, reaction products with methylquinoline and quinoline"	"-"	"-"	"81"	"Salts and lakes of 1,3-Isobenzofurandione, reaction products with methylquinoline and quinoline"	""	""	""	""	""	"All cosmetic products except those applied to mucous membranes"	"Not to be used in products applied to mucous membranes"	""	""	"Colorant"	""	
"Salts and lakes of 1,3-Naphthalenedisulfonic acid, 7-hydroxy-8-(2-phenyldiazenyl)-"	"-"	"-"	"34"	"Salts and lakes of 1,3-Naphthalenedisulfonic acid, 7-hydroxy-8-(2-phenyldiazenyl)-"	""	""	""	""	""	"All cosmetic products except those applied to mucous membranes"	"Not to be used in products applied to mucous membranes"	""	""	"Colorant"	""	
"Salts and lakes of 1,4-bis(p-Tolylamino)anthraquinone"	"-"	"-"	"91"	"Salts and lakes of 1,4-bis(p-Tolylamino)anthraquinone"	""	""	""	""	""	"All cosmetic products"	""	""	""	"Colorant"	""	
"Salts and lakes of 1,7-Naphthalenedisulfonic acid, 4-(acetylamino)-5-hydroxy-6-((7-sulfo-4-((4-sulfophenyl)azo)-1-naphthalenyl)azo)-"	"-"	"-"	"53"	"Salts and lakes of 1,7-Naphthalenedisulfonic acid, 4-(acetylamino)-5-hydroxy-6-((7-sulfo-4-((4-sulfophenyl)azo)-1-naphthalenyl)azo)-"	""	""	""	""	""	"All cosmetic products"	"Purity criteria as set out in Commission Directive 95/45/EC (E 151)"	""	""	"Colorant"	""	
"Salts and lakes of 1-(4-(Phenylazo)phenylazo)-2-naphthol"	"-"	"-"	"51"	"Salts and lakes of 1-(4-(Phenylazo)phenylazo)-2-naphthol"	""	""	""	""	""	"All cosmetic products except those applied to mucous membranes"	"Not to be used in products applied to mucous membranes; Purity criteria: aniline &lt;= 0.2%, 2-naphtol &lt;= 0.2%, 4-aminoazobenzene &lt;= 0.1%, 1-(phenylazo)-2-naphtol &lt;=3%, 1-[2-(phenylazo) phenylazo]-2-napthalenol &lt;= 2%"	""	""	"Colorant"	""	
"Salts and lakes of 1-[(4-Methyl-2-nitrophenyl)azo]-2-naphthol"	"-"	"-"	"10"	"Salts and lakes of 1-[(4-Methyl-2-nitrophenyl)azo]-2-naphthol"	""	""	""	""	""	"Rinse-off products"	""	""	""	"Colorant"	""	
"Salts and lakes of 1-Amino-4-(cyclohexylamino)-9,10-dihydro-9,10-dioxoanthracene-2-sulphonic acid"	"-"	"-"	"94"	"Salts and lakes of 1-Amino-4-(cyclohexylamino)-9,10-dihydro-9,10-dioxoanthracene-2-sulphonic acid"	""	""	""	""	""	"Rinse-off products"	""	""	""	"Colorant"	""	
"Salts and lakes of 1-Anilino-4-hydroxyanthraquinone"	"-"	"-"	"88"	"Salts and lakes of 1-Anilino-4-hydroxyanthraquinone"	""	""	""	""	""	"Rinse-off products"	""	""	""	"Colorant"	""	
"Salts and lakes of 1-Hydroxy-4-(p-toluidino)anthraquinone"	"-"	"-"	"89"	"Salts and lakes of 1-Hydroxy-4-(p-toluidino)anthraquinone"	""	""	""	""	""	"All cosmetic products"	""	""	""	"Colorant"	""	
"Salts and lakes of 1-Hydroxypyrene-3,6,8-trisulfonic acid"	"-"	"-"	"87"	"Salts and lakes of 1-Hydroxypyrene-3,6,8-trisulfonic acid"	""	""	""	""	""	"All cosmetic products except those applied to mucous membranes"	"Not to be used in products applied to mucous membranes"	""	""	"Colorant"	""	
"Salts and lakes of 1-Naphthalenesulfonic acid, 3-((2,4-dimethyl-5-sulfophenyl)azo)-4-hydroxy-"	"-"	"-"	"18"	"Salts and lakes of 1-Naphthalenesulfonic acid, 3-((2,4-dimethyl-5-sulfophenyl)azo)-4-hydroxy-"	""	""	""	""	""	"All cosmetic products"	""	""	""	"Colorant"	""	
"Salts and lakes of 1-Naphthalenesulfonic acid, 4-(2-(2-hydroxy-1-naphthalenyl)diazenyl)-"	"-"	"-"	"24"	"Salts and lakes of 1-Naphthalenesulfonic acid, 4-(2-(2-hydroxy-1-naphthalenyl)diazenyl)-"	""	""	""	""	""	"Rinse-off products"	""	""	""	"Colorant"	""	
"Salts and lakes of 1-Naphthalenesulfonic acid, 6-((2,4-dimethyl-6-sulfophenyl)azo)-5-hydroxy-"	"-"	"-"	"20"	"Salts and lakes of 1-Naphthalenesulfonic acid, 6-((2,4-dimethyl-6-sulfophenyl)azo)-5-hydroxy-"	""	""	""	""	""	"All cosmetic products"	""	""	""	"Colorant"	""	
"Salts and lakes of 2,2'-[(3,3'-Dichloro[1,1'-biphenyl]-4,4'-diyl)bis(azo)]bis[N-(2,4-dimethylphenyl)-3-oxobutyramide]"	"-"	"-"	"47"	"Salts and lakes of 2,2&#39;-[(3,3&#39;-Dichloro[1,1&#39;-biphenyl]-4,4&#39;-diyl)bis(azo)]bis[N-(2,4-dimethylphenyl)-3-oxobutyramide]"	""	""	""	""	""	"Rinse-off products"	"Maximum 3,3&#39;-dimethylbenzidine concentration in the colouring agent is 5 ppm"	""	""	"Colorant"	""	
"Salts and lakes of 2,2'-[(3,3'-Dichloro[1,1'-biphenyl]-4,4'-diyl)bis(azo)]bis[N-(4-chloro-2,5-dimethoxyphenyl)-3-oxobutyramide]"	"-"	"-"	"48"	"Salts and lakes of 2,2&#39;-[(3,3&#39;-Dichloro[1,1&#39;-biphenyl]-4,4&#39;-diyl)bis(azo)]bis[N-(4-chloro-2,5-dimethoxyphenyl)-3-oxobutyramide]"	""	""	""	""	""	"Rinse-off products"	"Maximum 3,3&#39;-dimethylbenzidine concentration in the colouring agent is 5 ppm"	""	""	"Colorant"	""	
"Salts and lakes of 2,2'-[Cyclohexylidenebis[(2-methyl-4,1-phenylene)azo]]bis[4-cyclohexylphenol]"	"-"	"-"	"49"	"Salts and lakes of 2,2&#39;-[Cyclohexylidenebis[(2-methyl-4,1-phenylene)azo]]bis[4-cyclohexylphenol]"	""	""	""	""	""	"All cosmetic products except those applied to mucous membranes"	"Not to be used in products applied to mucous membranes"	""	""	"Colorant"	""	
"Salts and lakes of 2,4-Dihydro-5-methyl-2-phenyl-4-(phenylazo)-3H-pyrazol-3-one"	"-"	"-"	"15"	"Salts and lakes of 2,4-Dihydro-5-methyl-2-phenyl-4-(phenylazo)-3H-pyrazol-3-one"	""	""	""	""	""	"Rinse-off products"	""	""	""	"Colorant"	""	
"Salts and lakes of 2,7-Naphthalenedisulfonic acid, 3-((4-cyclohexyl-2-methylphenyl)azo)-4-hydroxy-5-(((4-methylphenyl)sulfonyl)amino)-"	"-"	"-"	"39"	"Salts and lakes of 2,7-Naphthalenedisulfonic acid, 3-((4-cyclohexyl-2-methylphenyl)azo)-4-hydroxy-5-(((4-methylphenyl)sulfonyl)amino)-"	""	""	""	""	""	"Rinse-off products"	""	""	""	"Colorant"	""	
"Salts and lakes of 2,7-Naphthalenedisulfonic acid, 4-amino-5-hydroxy-3-(2-(4-nitrophenyl)diazenyl)-6-(2-phenyldiazenyl)-"	"-"	"-"	"46"	"Salts and lakes of 2,7-Naphthalenedisulfonic acid, 4-amino-5-hydroxy-3-(2-(4-nitrophenyl)diazenyl)-6-(2-phenyldiazenyl)-"	""	""	""	""	""	"Rinse-off products"	""	""	""	"Colorant"	""	
"Salts and lakes of 2-(1,3-Dihydro-3-oxo-2H-indazol-2-ylidene)-1,2-dihydro-3H-indol-3-one"	"-"	"-"	"98"	"Salts and lakes of 2-(1,3-Dihydro-3-oxo-2H-indazol-2-ylidene)-1,2-dihydro-3H-indol-3-one"	""	""	""	""	""	"All cosmetic products"	""	""	""	"Colorant"	""	
"Salts and lakes of 2-(1,3-Dihydro-3-oxo-5-sulpho-2H-indol-2-ylidene)-3-oxoindoline-5-sulphonic acid"	"-"	"-"	"99"	"Salts and lakes of 2-(1,3-Dihydro-3-oxo-5-sulpho-2H-indol-2-ylidene)-3-oxoindoline-5-sulphonic acid"	""	""	""	""	""	"All cosmetic products"	"Purity criteria as set out in Commission Directive 95/45/EC (E 132)"	""	""	"Colorant"	""	
"Salts and lakes of 2-[(4-Chloro-2-nitrophenyl)azo]-N-(2-chlorophenyl)-3-oxobutyramide"	"-"	"-"	"5"	"Salts and lakes of 2-[(4-Chloro-2-nitrophenyl)azo]-N-(2-chlorophenyl)-3-oxobutyramide"	""	""	""	""	""	"All cosmetic products except those applied to mucous membranes"	"Not to be used in products applied to mucous membranes"	""	""	"Colorant"	""	
"Salts and lakes of 2-[(4-Methoxy-2-nitrophenyl)azo]-3-oxo-N-(o-tolyl)butyramide"	"-"	"-"	"6"	"Salts and lakes of 2-[(4-Methoxy-2-nitrophenyl)azo]-3-oxo-N-(o-tolyl)butyramide"	""	""	""	""	""	"Rinse-off products"	""	""	""	"Colorant"	""	
"Salts and lakes of 2-[(4-Methyl-2-nitrophenyl)azo]-3-oxo-N-phenylbutyramide"	"-"	"-"	"4"	"Salts and lakes of 2-[(4-Methyl-2-nitrophenyl)azo]-3-oxo-N-phenylbutyramide"	""	""	""	""	""	"All cosmetic products except those applied to mucous membranes"	"Not to be used in products applied to mucous membranes"	""	""	"Colorant"	""	
"Salts and lakes of 2-Amino-1,7-dihydro-6H-purin-6-one"	"-"	"-"	"113"	"Salts and lakes of 2-Amino-1,7-dihydro-6H-purin-6-one"	""	""	""	""	""	"All cosmetic products"	""	""	""	"Colorant"	""	
"Salts and lakes of 2-Naphthalenecarboxylic acid, 3-hydroxy-4-(2-phenyldiazenyl)-"	"-"	"-"	"26"	"Salts and lakes of 2-Naphthalenecarboxylic acid, 3-hydroxy-4-(2-phenyldiazenyl)-"	""	""	""	""	""	"All cosmetic products except those applied to mucous membranes"	"Not to be used in products applied to mucous membranes"	""	""	"Colorant"	""	
"Salts and lakes of 2-Naphthalenesulfonic acid, 6-hydroxy-5-((2-methoxy-5-methyl-4-sulfophenyl)azo)-"	"-"	"-"	"32"	"Salts and lakes of 2-Naphthalenesulfonic acid, 6-hydroxy-5-((2-methoxy-5-methyl-4-sulfophenyl)azo)-"	""	""	""	""	""	"All cosmetic products"	"Purity criteria as set out in Commission Directive 95/45/EC (E 129)"	""	""	"Colorant"	""	
"Salts and lakes of 29H,31H-Phthalocyaninato(2-)-N29,N30,N31,N32 copper"	"-"	"-"	"105"	"Salts and lakes of 29H,31H-Phthalocyaninato(2-)-N29,N30,N31,N32 copper"	""	""	""	""	""	"All cosmetic products"	""	""	""	"Colorant"	""	
"Salts and lakes of 29H,31H-Phthalocyanine"	"-"	"-"	"104"	"Salts and lakes of 29H,31H-Phthalocyanine"	""	""	""	""	""	"Rinse-off products"	""	""	""	"Colorant"	""	
"Salts and lakes of 3',6'-Dihydroxy-4',5'-dinitrospiro[isobenzofuran-1(3H),9'-[9H]xanthene]-3-one"	"-"	"-"	"77"	"Salts and lakes of 3&#39;,6&#39;-Dihydroxy-4&#39;,5&#39;-dinitrospiro[isobenzofuran-1(3H),9&#39;-[9H]xanthene]-3-one"	""	""	""	""	""	"All cosmetic products except lip products"	""	""	""	"Colorant"	""	
"Salts and lakes of 3,6-dichloro-2-(2,4,5,7-tetrabromo-6-oxido-3-oxoxanthen-9-yl)benzoate"	"-"	"-"	"78"	"Salts and lakes of 3,6-dichloro-2-(2,4,5,7-tetrabromo-6-oxido-3-oxoxanthen-9-yl)benzoate"	""	""	""	""	""	"All cosmetic products except eye products"	"Not to be used in eye products; Not more than 1% 2-(6-hydroxy-3-oxo-3H-xanthen-9-yl) benzoic acid; Not more than 2 % 2-(bromo-6-hydroxy-3-oxo-3H-xanthen-9-yl) benzoic acid"	""	""	"Colorant"	""	
"Salts and lakes of 3-Hydroxy-4-((4-sulphonaphthyl)azo)naphthalene-2,7-disulphonic acid"	"-"	"-"	"33"	"Salts and lakes of 3-Hydroxy-4-((4-sulphonaphthyl)azo)naphthalene-2,7-disulphonic acid"	""	""	""	""	""	"All cosmetic products"	"Purity criteria as set out in Commission Directive 95/45/EC (E 123)"	""	""	"Colorant"	""	
"Salts and lakes of 3-Hydroxy-N-(o-tolyl)-4-[(2,4,5-trichlorophenyl)azo]naphthalene-2-carboxamide"	"-"	"-"	"11"	"Salts and lakes of 3-Hydroxy-N-(o-tolyl)-4-[(2,4,5-trichlorophenyl)azo]naphthalene-2-carboxamide"	""	""	""	""	""	"Rinse-off products"	""	""	""	"Colorant"	""	
"Salts and lakes of 4,6-dihydroxy-3-[[4-[1-[4-[[1-hydroxy-7-[(phenylsulphonyl)oxy]-3-sulphonato-2-naphthyl]azo]phenyl]cyclohexyl] phenyl]azo]naphthalene-2-sulphonic acid"	"-"	"-"	"50"	"Salts and lakes of 4,6-dihydroxy-3-[[4-[1-[4-[[1-hydroxy-7-[(phenylsulphonyl)oxy]-3-sulphonato-2-naphthyl]azo]phenyl]cyclohexyl] phenyl]azo]naphthalene-2-sulphonic acid"	""	""	""	""	""	"Rinse-off products"	""	""	""	"Colorant"	""	
"Salts and lakes of 4-((2,4-Dihydroxyphenyl)azo)benzenesulphonic acid"	"-"	"-"	"17"	"Salts and lakes of 4-((2,4-Dihydroxyphenyl)azo)benzenesulphonic acid"	""	""	""	""	""	"All cosmetic products"	""	""	""	"Colorant"	""	
"Salts and lakes of 4-((4-Aminophenyl)(4-iminocyclohexa-2,5-dien-1-ylidene)methyl)-o-toluidine"	"-"	"-"	"66"	"Salts and lakes of 4-((4-Aminophenyl)(4-iminocyclohexa-2,5-dien-1-ylidene)methyl)-o-toluidine"	""	""	""	""	""	"All cosmetic products except those applied to mucous membranes"	"Not to be used in products applied to mucous membranes"	""	""	"Colorant"	""	
"Salts and lakes of 4-(Phenylazo)resorcinol"	"-"	"-"	"7"	"Salts and lakes of 4-(Phenylazo)resorcinol"	""	""	""	""	""	"All cosmetic products"	""	""	""	"Colorant"	""	
"Salts and lakes of 4-[(2,5-Dichlorophenyl)azo]-N-(2,5-dimethoxyphenyl)-3-hydroxynaphthalene-2-carboxamide"	"-"	"-"	"13"	"Salts and lakes of 4-[(2,5-Dichlorophenyl)azo]-N-(2,5-dimethoxyphenyl)-3-hydroxynaphthalene-2-carboxamide"	""	""	""	""	""	"Rinse-off products"	""	""	""	"Colorant"	""	
"Salts and lakes of 4-[(4,5-dihydro-3-methyl-5-oxo-1-phenyl-1H-pyrazol-4-yl)azo]-3-hydroxynaphthalene-1-sulphonic acid"	"-"	"-"	"153"	"Salts and lakes of 4-[(4,5-dihydro-3-methyl-5-oxo-1-phenyl-1H-pyrazol-4-yl)azo]-3-hydroxynaphthalene-1-sulphonic acid"	""	""	""	""	""	"All cosmetic products except those applied to mucous membranes"	"Not to be used in products applied to mucous membranes"	""	""	"Colorant"	""	
"Salts and lakes of 4-[(4-Ethoxyphenyl)azo]naphthol"	"-"	"-"	"8"	"Salts and lakes of 4-[(4-Ethoxyphenyl)azo]naphthol"	""	""	""	""	""	"All cosmetic products except those applied to mucous membranes"	"Not to be used in products applied to mucous membranes"	""	""	"Colorant"	""	
"Salts and lakes of 4-Aminoazobenzene-3,4'-disulphonic acid"	"-"	"-"	"16"	"Salts and lakes of 4-Aminoazobenzene-3,4&#39;-disulphonic acid"	""	""	""	""	""	"All cosmetic products"	""	""	""	"Colorant"	""	
"Salts and lakes of 4-Hydroxy-3-((4-sulpho-1-naphthyl)azo)naphthalene-1-sulphonic acid"	"-"	"-"	"19"	"Salts and lakes of 4-Hydroxy-3-((4-sulpho-1-naphthyl)azo)naphthalene-1-sulphonic acid"	""	""	""	""	""	"All cosmetic products"	"Purity criteria as set out in Commission Directive 95/45/EC (E 122)"	""	""	"Colorant"	""	
"Salts and lakes of 5,12-Dihydro-2,9-dimethylquino[2,3-b]acridine-7,14-dione"	"-"	"-"	"103"	"Salts and lakes of 5,12-Dihydro-2,9-dimethylquino[2,3-b]acridine-7,14-dione"	""	""	""	""	""	"Rinse-off products"	""	""	""	"Colorant"	""	
"Salts and lakes of 5,12-Dihydroquino[2,3-b]acridine-7,14-dione"	"-"	"-"	"102"	"Salts and lakes of 5,12-Dihydroquino[2,3-b]acridine-7,14-dione"	""	""	""	""	""	"Rinse-off products"	""	""	""	"Colorant"	""	
"Salts and lakes of 5-(Acetylamino)-4-hydroxy-3-(phenylazo)naphthalene-2,7-disulphonic acid"	"-"	"-"	"38"	"Salts and lakes of 5-(Acetylamino)-4-hydroxy-3-(phenylazo)naphthalene-2,7-disulphonic acid"	""	""	""	""	""	"All cosmetic products except those applied to mucous membranes"	"Not to be used in products applied to mucous membranes; Purity criteria as set out in Commission Directive 95/45/EC (E 128)"	""	""	"Colorant"	""	
"Salts and lakes of 5-Chloro-2-(5-chloro-7-methyl-3-oxobenzo[b]thien-2(3H)-ylidene)-7-methylbenzo[b]thiophene-3(2H)-one"	"-"	"-"	"101"	"Salts and lakes of 5-Chloro-2-(5-chloro-7-methyl-3-oxobenzo[b]thien-2(3H)-ylidene)-7-methylbenzo[b]thiophene-3(2H)-one"	""	""	""	""	""	"All cosmetic products"	""	""	""	"Colorant"	""	
"Salts and lakes of 6,15-Dihydroanthrazine-5,9,14,18-tetrone"	"-"	"-"	"95"	"Salts and lakes of 6,15-Dihydroanthrazine-5,9,14,18-tetrone"	""	""	""	""	""	"All cosmetic products"	""	""	""	"Colorant"	""	
"Salts and lakes of 6-amino-4-hydroxy-3-[[7-sulphonato-4-[(4-sulphonatophenyl)azo]-1-naphthyl]azo]naphthalene-2,7-disulphonic acid"	"-"	"-"	"52"	"Salts and lakes of 6-amino-4-hydroxy-3-[[7-sulphonato-4-[(4-sulphonatophenyl)azo]-1-naphthyl]azo]naphthalene-2,7-disulphonic acid"	""	""	""	""	""	"All cosmetic products"	""	""	""	"Colorant"	""	
"Salts and lakes of 6-Chloro-2-(6-chloro-4-methyl-3-oxobenzo[b]thien-2(3H)-ylidene)-4-methylbenzo[b]thiophene-3(2H)-one"	"-"	"-"	"100"	"Salts and lakes of 6-Chloro-2-(6-chloro-4-methyl-3-oxobenzo[b]thien-2(3H)-ylidene)-4-methylbenzo[b]thiophene-3(2H)-one"	""	""	""	""	""	"All cosmetic products"	""	""	""	"Colorant"	""	
"Salts and lakes of 6-Hydroxy-5-((3-sulfophenyl)azo)-2-naphthalenesulfonic acid"	"-"	"-"	"30"	"Salts and lakes of 6-Hydroxy-5-((3-sulfophenyl)azo)-2-naphthalenesulfonic acid"	""	""	""	""	""	"All cosmetic products"	""	""	""	"Colorant"	""	
"Salts and lakes of 7,16-dichloro-6,15-dihydroanthrazine-5,9,14,18-tetrone"	"-"	"-"	"96"	"Salts and lakes of 7,16-dichloro-6,15-dihydroanthrazine-5,9,14,18-tetrone"	""	""	""	""	""	"All cosmetic products"	""	""	""	"Colorant"	""	
"Salts and lakes of 8'-apo-β-Caroten-8'-al"	"-"	"-"	"56"	"Salts and lakes of 8&#39;-apo-β-Caroten-8&#39;-al"	""	""	""	""	""	"All cosmetic products"	"Purity criteria as set out in Commission Directive 95/45/EC (E 160e)"	""	""	"Colorant"	""	
"Salts and lakes of 8,18-Dichloro-5,15-diethyl-5,15-dihydrodiindolo[3,2-b:3',2'-m]triphenodioxazine"	"-"	"-"	"85"	"Salts and lakes of 8,18-Dichloro-5,15-diethyl-5,15-dihydrodiindolo[3,2-b:3&#39;,2&#39;-m]triphenodioxazine"	""	""	""	""	""	"Rinse-off products"	""	""	""	"Colorant"	""	
"Salts and lakes of 8,8'-diapo-ψ,ψ-Carotenedioic acid"	"-"	"-"	"108"	"Salts and lakes of 8,8&#39;-diapo-ψ,ψ-Carotenedioic acid"	""	""	""	""	""	"All cosmetic products"	""	""	""	"Colorant"	""	
"Salts and lakes of [4-[[4-Anilino-1-naphthyl][4-(dimethylamino)phenyl]methylene] cyclohexa-2,5-dien-1-ylidene]dimethylammonium"	"-"	"-"	"69"	"Salts and lakes of [4-[[4-Anilino-1-naphthyl][4-(dimethylamino)phenyl]methylene] cyclohexa-2,5-dien-1-ylidene]dimethylammonium"	""	""	""	""	""	"All cosmetic products except those applied to mucous membranes"	"Not to be used in products applied to mucous membranes"	""	""	"Colorant"	""	
"Salts and lakes of Annatto"	"-"	"-"	"109"	"Salts and lakes of Annatto"	""	""	""	""	""	"All cosmetic products"	"Purity criteria as set out in Commission Directive 95/45/EC (E 160b)"	""	""	"Colorant"	""	
"Salts and lakes of Beetroot red"	"-"	"-"	"148"	"Salts and lakes of Beetroot red"	""	""	""	""	""	"All cosmetic products"	"Purity criteria as set out in Commission Directive 95/45/EC (E 162)"	""	""	"Colorant"	""	
"Salts and lakes of Benzenemethanaminium, N-(4-((2,4-disulfophenyl)(4-(ethyl(phenylmethyl)amino)phenyl)methylene)-2,5-cyclohexadien-1-ylidene)-N-ethyl-"	"-"	"-"	"62"	"Salts and lakes of Benzenemethanaminium, N-(4-((2,4-disulfophenyl)(4-(ethyl(phenylmethyl)amino)phenyl)methylene)-2,5-cyclohexadien-1-ylidene)-N-ethyl-"	""	""	""	""	""	"Rinse-off products"	""	""	""	"Colorant"	""	
"Salts and lakes of Benzenemethanaminium, N-(4-((4-(diethylamino)phenyl)(4-(ethyl((3-sulfophenyl)methyl)amino)-2-methylphenyl)methylene)-3-methyl-2,5-cyclohexadien-1-ylidene)-N-ethyl-3-sulfo-, inner salt"	"-"	"-"	"68"	"Salts and lakes of Benzenemethanaminium, N-(4-((4-(diethylamino)phenyl)(4-(ethyl((3-sulfophenyl)methyl)amino)-2-methylphenyl)methylene)-3-methyl-2,5-cyclohexadien-1-ylidene)-N-ethyl-3-sulfo-, inner salt"	""	""	""	""	""	"All cosmetic products except those applied to mucous membranes"	"Not to be used in products applied to mucous membranes"	""	""	"Colorant"	""	
"Salts and lakes of Benzenemethanaminium, N-ethyl-N-(4-((4-(ethyl((3-sulfophenyl)methyl)amino)phenyl)(2-sulfophenyl)methylene)-2,5-cyclohexadien-1-ylidene)-3-sulfo-, inner salt"	"-"	"-"	"63"	"Salts and lakes of Benzenemethanaminium, N-ethyl-N-(4-((4-(ethyl((3-sulfophenyl)methyl)amino)phenyl)(2-sulfophenyl)methylene)-2,5-cyclohexadien-1-ylidene)-3-sulfo-, inner salt"	""	""	""	""	""	"All cosmetic products"	"Purity criteria as set out in Commission Directive 95/45/EC (E 133)"	""	""	"Colorant"	""	
"Salts and lakes of Benzenesulfonic acid, 2,2'-((9,10-dihydro-9,10-dioxo-1,4-anthracenediyl)diimino)bis(5-methyl-"	"-"	"-"	"92"	"Salts and lakes of Benzenesulfonic acid, 2,2&#39;-((9,10-dihydro-9,10-dioxo-1,4-anthracenediyl)diimino)bis(5-methyl-"	""	""	""	""	""	"All cosmetic products"	""	""	""	"Colorant"	""	
"Salts and lakes of Benzenesulfonic acid, 2,2'-(1,2-ethenediyl)bis[5-nitro-, disodium salt, reaction products with 4-[(4-aminophenyl)azo] benzenesulfonic acid"	"-"	"-"	"54"	"Salts and lakes of Benzenesulfonic acid, 2,2&#39;-(1,2-ethenediyl)bis[5-nitro-, disodium salt, reaction products with 4-[(4-aminophenyl)azo] benzenesulfonic acid"	""	""	""	""	""	"Rinse-off products"	""	""	""	"Colorant"	""	
"Salts and lakes of Benzenesulfonic acid, 2,5-dichloro-4-(4,5-dihydro-3-methyl-5-oxo-4-((4-sulfophenyl)azo)-1H-pyrazol-1-yl)-"	"-"	"-"	"43"	"Salts and lakes of Benzenesulfonic acid, 2,5-dichloro-4-(4,5-dihydro-3-methyl-5-oxo-4-((4-sulfophenyl)azo)-1H-pyrazol-1-yl)-"	""	""	""	""	""	"All cosmetic products"	""	""	""	"Colorant"	""	
"Salts and lakes of Benzenesulfonic acid, 2-((9,10-dihydro-4-hydroxy-9,10-dioxo-1-anthracenyl)amino)-5-methyl-"	"-"	"-"	"90"	"Salts and lakes of Benzenesulfonic acid, 2-((9,10-dihydro-4-hydroxy-9,10-dioxo-1-anthracenyl)amino)-5-methyl-"	""	""	""	""	""	"All cosmetic products except those applied to mucous membranes"	"Not to be used in products applied to mucous membranes"	""	""	"Colorant"	""	
"Salts and lakes of Benzenesulfonic acid, 4-((2-hydroxy-1-naphthalenyl)azo)-2-methyl-"	"-"	"-"	"23"	"Salts and lakes of Benzenesulfonic acid, 4-((2-hydroxy-1-naphthalenyl)azo)-2-methyl-"	""	""	""	""	""	"All cosmetic products"	""	""	""	"Colorant"	""	
"Salts and lakes of Benzoic acid, 2-chloro-5-((2-hydroxy-1-naphthalenyl)azo)-4-sulfo-"	"-"	"-"	"22"	"Salts and lakes of Benzoic acid, 2-chloro-5-((2-hydroxy-1-naphthalenyl)azo)-4-sulfo-"	""	""	""	""	""	"All cosmetic products"	""	""	""	"Colorant"	""	
"Salts and lakes of beta Carotene"	"-"	"-"	"55"	"Salts and lakes of beta Carotene"	""	""	""	""	""	"All cosmetic products"	"Purity criteria as set out in Commission Directive 95/45/EC (E 160a)"	""	""	"Colorant"	""	
"Salts and lakes of Bisbenzimidazo[2,1-b:2',1'-i]benzo[lmn][3,8]phenanthroline-8,17-dione"	"-"	"-"	"97"	"Salts and lakes of Bisbenzimidazo[2,1-b:2&#39;,1&#39;-i]benzo[lmn][3,8]phenanthroline-8,17-dione"	""	""	""	""	""	"All cosmetic products except those applied to mucous membranes"	"Not to be used in products applied to mucous membranes"	""	""	"Colorant"	""	
"Salts and lakes of Calcium 3-hydroxy-4-[(1-sulphonato-2-naphthyl)azo]-2-naphthoate"	"-"	"-"	"29"	"Salts and lakes of Calcium 3-hydroxy-4-[(1-sulphonato-2-naphthyl)azo]-2-naphthoate"	""	""	""	""	""	"All cosmetic products"	""	""	""	"Colorant"	""	
"Salts and lakes of Canthaxanthin"	"-"	"-"	"58"	"Salts and lakes of Canthaxanthin"	""	""	""	""	""	"All cosmetic products"	"Purity criteria as set out in Commission Directive 95/45/EC (E 161g)"	""	""	"Colorant"	""	
"Salts and lakes of Carminic acid"	"-"	"-"	"115"	"Salts and lakes of Carminic acid"	""	""	""	""	""	"All cosmetic products"	"Purity criteria as set out in Commission Directive 95/45/EC (E 120)"	""	""	"Colorant"	""	
"Salts and lakes of Chlorophyllins"	"-"	"-"	"116"	"Salts and lakes of Chlorophyllins"	""	""	""	""	""	"All cosmetic products"	"Purity criteria as set out in Commission Directive 95/45/EC (E 140, E 141)"	""	""	"Colorant"	""	
"Salts and lakes of Chlorophylls"	"-"	"-"	"116"	"Salts and lakes of Chlorophylls"	""	""	""	""	""	"All cosmetic products"	"Purity criteria as set out in Commission Directive 95/45/EC (E 140, E 141)"	""	""	"Colorant"	""	
"Salts and lakes of Curcumins"	"-"	"-"	"114"	"Salts and lakes of Curcumins"	""	""	""	""	""	"All cosmetic products"	"Purity criteria as set out in Commission Directive 95/45/EC (E 100)"	""	""	"Colorant"	""	
"Salts and lakes of Cyanidin"	"-"	"-"	"149"	"Salts and lakes of Cyanidin"	""	""	""	""	""	"All cosmetic products"	"Purity criteria as set out in Commission Directive 95/45/EC (E 163)"	""	""	"Colorant"	""	
"Salts and lakes of Delphinidin"	"-"	"-"	"149"	"Salts and lakes of Delphinidin"	""	""	""	""	""	"All cosmetic products"	"Purity criteria as set out in Commission Directive 95/45/EC (E 163)"	""	""	"Colorant"	""	
"Salts and lakes of Disodium [29H,31H-phthalocyaninedisulphonato (4-)-N29,N30,N31,N32] cuprate (2-)"	"-"	"-"	"106"	"Salts and lakes of Disodium [29H,31H-phthalocyaninedisulphonato (4-)-N29,N30,N31,N32] cuprate (2-)"	""	""	""	""	""	"Rinse-off products"	""	""	""	"Colorant"	""	
"Salts and lakes of Disodium hydrogen bis[5-chloro-3-[(4,5-dihydro-3-methyl-5-oxo-1-phenyl-1H-pyrazol-4-yl)azo]-2-hydroxybenzenesulphonato(3-)]chromate(3-)"	"-"	"-"	"41"	"Salts and lakes of Disodium hydrogen bis[5-chloro-3-[(4,5-dihydro-3-methyl-5-oxo-1-phenyl-1H-pyrazol-4-yl)azo]-2-hydroxybenzenesulphonato(3-)]chromate(3-)"	""	""	""	""	""	"Rinse-off products"	""	""	""	"Colorant"	""	
"Salts and lakes of Ethyl 8'-apo-β-caroten-8'-oate"	"-"	"-"	"57"	"Salts and lakes of Ethyl 8&#39;-apo-β-caroten-8&#39;-oate"	""	""	""	""	""	"All cosmetic products"	"Purity criteria as set out in Commission Directive 95/45/EC (E 160f)"	""	""	"Colorant"	""	
"Salts and lakes of Ferrate(3-), tris(5,6-dihydro-5-(hydroxyimino-kappaN)-6-(oxo-kappaO)-2-naphthalenesulfonato(2-))-"	"-"	"-"	"2"	"Salts and lakes of Ferrate(3-), tris(5,6-dihydro-5-(hydroxyimino-kappaN)-6-(oxo-kappaO)-2-naphthalenesulfonato(2-))-"	""	""	""	""	""	"All cosmetic products except those applied to mucous membranes"	"Not to be used in products applied to mucous membranes"	""	""	"Colorant"	""	
"Salts and lakes of Flavin Mononucleotide"	"-"	"-"	"145"	"Salts and lakes of Flavin Mononucleotide"	""	""	""	""	""	"All cosmetic products"	"Purity criteria as set out in Commission Directive 95/45/EC (E 101)"	""	""	"Colorant"	""	
"Salts and lakes of Fluorescein"	"-"	"-"	"74"	"Salts and lakes of Fluorescein"	""	""	""	""	""	"All cosmetic products"	""	"6 %"	""	"Colorant"	""	
"Salts and lakes of Hydrogen (4-((4-(dimethylamino)phenyl)(2-hydroxy-3,6-disulphonato-1-naphthyl)methylene)cyclohexa-2,5-dien-1-ylidene)dimethylammonium"	"-"	"-"	"70"	"Salts and lakes of Hydrogen (4-((4-(dimethylamino)phenyl)(2-hydroxy-3,6-disulphonato-1-naphthyl)methylene)cyclohexa-2,5-dien-1-ylidene)dimethylammonium"	""	""	""	""	""	"All cosmetic products"	"Purity criteria as set out in Commission Directive 95/45/EC (E 142)"	""	""	"Colorant"	""	
"Salts and lakes of Hydrogen (4-(4-(diethylamino)-2',4'-disulphonatobenzhydrylidene)cyclohexa-2,5-dien-1-ylidene)diethylammonium"	"-"	"-"	"59"	"Salts and lakes of Hydrogen (4-(4-(diethylamino)-2&#39;,4&#39;-disulphonatobenzhydrylidene)cyclohexa-2,5-dien-1-ylidene)diethylammonium"	""	""	""	""	""	"All cosmetic products except those applied to mucous membranes"	"Not to be used in products applied to mucous membranes"	""	""	"Colorant"	""	
"Salts and lakes of Hydrogen 3,6-bis(diethylamino)-9-(2,4-disulphonatophenyl)xanthylium"	"-"	"-"	"71"	"Salts and lakes of Hydrogen 3,6-bis(diethylamino)-9-(2,4-disulphonatophenyl)xanthylium"	""	""	""	""	""	"Rinse-off products"	""	""	""	"Colorant"	""	
"Salts and lakes of Hydrogen 9-(2,4-disulphonatophenyl)-3,6-bis(ethylamino)-2,7-dimethylxanthylium"	"-"	"-"	"73"	"Salts and lakes of Hydrogen 9-(2,4-disulphonatophenyl)-3,6-bis(ethylamino)-2,7-dimethylxanthylium"	""	""	""	""	""	"Rinse-off products"	""	""	""	"Colorant"	""	
"Salts and lakes of Hydrogen 9-[(3-methoxyphenyl)amino]-7-phenyl-5-(phenylamino)-4,10-disulphonatobenzo[a]phenazinium"	"-"	"-"	"83"	"Salts and lakes of Hydrogen 9-[(3-methoxyphenyl)amino]-7-phenyl-5-(phenylamino)-4,10-disulphonatobenzo[a]phenazinium"	""	""	""	""	""	"Rinse-off products"	""	""	""	"Colorant"	""	
"Salts and lakes of Hydrogen [4-[(2-chlorophenyl)[4-[ethyl (3-sulphonatobenzyl)amino]phenyl] methylene]cyclohexa-2,5-dien-1-ylidene](ethyl)(3-sulphonatobenzyl)ammonium"	"-"	"-"	"64"	"Salts and lakes of Hydrogen [4-[(2-chlorophenyl)[4-[ethyl (3-sulphonatobenzyl)amino]phenyl] methylene]cyclohexa-2,5-dien-1-ylidene](ethyl)(3-sulphonatobenzyl)ammonium"	""	""	""	""	""	"Rinse-off products"	""	""	""	"Colorant"	""	
"Salts and lakes of Hydrogen [4-[(2-chlorophenyl)[4-[ethyl(3-sulphonatobenzyl)amino]-o-tolyl]methylene]-3-methylcyclohexa-2,5-dien-1-ylidene](ethyl)(3-sulphonatobenzyl)ammonium"	"-"	"-"	"65"	"Salts and lakes of Hydrogen [4-[(2-chlorophenyl)[4-[ethyl(3-sulphonatobenzyl)amino]-o-tolyl]methylene]-3-methylcyclohexa-2,5-dien-1-ylidene](ethyl)(3-sulphonatobenzyl)ammonium"	""	""	""	""	""	"Rinse-off products"	""	""	""	"Colorant"	""	
"Salts and lakes of Hydrogen bis[2-[(4,5-dihydro-3-methyl-5-oxo-1-phenyl-1H-pyrazol-4-yl)azo]benzoato(2-)]chromate(1-)"	"-"	"-"	"40"	"Salts and lakes of Hydrogen bis[2-[(4,5-dihydro-3-methyl-5-oxo-1-phenyl-1H-pyrazol-4-yl)azo]benzoato(2-)]chromate(1-)"	""	""	""	""	""	"Rinse-off products"	""	""	""	"Colorant"	""	
"Salts and lakes of Iron, tris(1-nitroso-2-naphthalenolato-O,O')-"	"-"	"-"	"1"	"Salts and lakes of Iron, tris(1-nitroso-2-naphthalenolato-O,O&#39;)-"	""	""	""	""	""	"Rinse-off products"	""	""	""	"Colorant"	""	
"Salts and lakes of Lazurite"	"-"	"-"	"120"	"Salts and lakes of Lazurite"	""	""	""	""	""	"All cosmetic products"	""	""	""	"Colorant"	""	
"Salts and lakes of Lycopene"	"-"	"-"	"110"	"Salts and lakes of Lycopene"	""	""	""	""	""	"All cosmetic products"	"Purity criteria as set out in Commission Directive 95/45/EC (E 160d)"	""	""	"Colorant"	""	
"Salts and lakes of Magnesate(3-), (18-carboxy-20-(carboxymethyl)-8-ethenyl-13-ethyl-2,3-dihydro-3,7,12,17-tetramethyl-21H,23H-porphine-2-propanoato(5-)-N(21),N(22),N(23),N(24))-, trihydrogen, (SP-4-2-(2S-trans))-"	"-"	"-"	"116"	"Salts and lakes of Magnesate(3-), (18-carboxy-20-(carboxymethyl)-8-ethenyl-13-ethyl-2,3-dihydro-3,7,12,17-tetramethyl-21H,23H-porphine-2-propanoato(5-)-N(21),N(22),N(23),N(24))-, trihydrogen, (SP-4-2-(2S-trans))-"	""	""	""	""	""	"All cosmetic products"	"Purity criteria as set out in Commission Directive 95/45/EC (E 140, E 141)"	""	""	"Colorant"	""	
"Salts and lakes of Malvidin"	"-"	"-"	"149"	"Salts and lakes of Malvidin"	""	""	""	""	""	"All cosmetic products"	"Purity criteria as set out in Commission Directive 95/45/EC (E 163)"	""	""	"Colorant"	""	
"Salts and lakes of Methyl (9-cis)-hydrogen-6,6'-diapo-psi,psi-carotenedioate"	"-"	"-"	"109"	"Salts and lakes of Methyl (9-cis)-hydrogen-6,6&#39;-diapo-psi,psi-carotenedioate"	""	""	""	""	""	"All cosmetic products"	"Purity criteria as set out in Commission Directive 95/45/EC (E 160b)"	""	""	"Colorant"	""	
"Salts and lakes of N,N'-(3,3'-Dimethyl[1,1'-biphenyl]-4,4'-diyl)bis[2-[(2,4-dichlorophenyl)azo]-3-oxobutyramide]"	"-"	"-"	"45"	"Salts and lakes of N,N&#39;-(3,3&#39;-Dimethyl[1,1&#39;-biphenyl]-4,4&#39;-diyl)bis[2-[(2,4-dichlorophenyl)azo]-3-oxobutyramide]"	""	""	""	""	""	"Rinse-off products"	"Maximum 3,3&#39;-dimethylbenzidine concentration in the colouring agent is 5 ppm"	""	""	"Colorant"	""	
"Salts and lakes of N-(4-Chloro-2-methylphenyl)-4-[(4-chloro-2-methylphenyl)azo]-3-hydroxynaphthalene-2-carboxamide"	"-"	"-"	"12"	"Salts and lakes of N-(4-Chloro-2-methylphenyl)-4-[(4-chloro-2-methylphenyl)azo]-3-hydroxynaphthalene-2-carboxamide"	""	""	""	""	""	"Rinse-off products"	""	""	""	"Colorant"	""	
"Salts and lakes of N-(5-Chloro-2,4-dimethoxyphenyl)-4-[[5-[(diethylamino)sulphonyl]-2-methoxyphenyl]azo]-3-hydroxynaphthalene-2-carboxamide"	"-"	"-"	"14"	"Salts and lakes of N-(5-Chloro-2,4-dimethoxyphenyl)-4-[[5-[(diethylamino)sulphonyl]-2-methoxyphenyl]azo]-3-hydroxynaphthalene-2-carboxamide"	""	""	""	""	""	"All cosmetic products"	""	""	""	"Colorant"	""	
"Salts and lakes of N-Ethyl-N-(4-((4-(ethyl((3-sulfophenyl)methyl)amino)phenyl)(4-hydroxy-2-sulfophenyl)methylene)-2,5-cyclohexadien-1-ylidene)-3-sulfonatobenzenemethanaminium"	"-"	"-"	"61"	"Salts and lakes of N-Ethyl-N-(4-((4-(ethyl((3-sulfophenyl)methyl)amino)phenyl)(4-hydroxy-2-sulfophenyl)methylene)-2,5-cyclohexadien-1-ylidene)-3-sulfonatobenzenemethanaminium"	""	""	""	""	""	"All cosmetic products"	""	""	""	"Colorant"	""	
"Salts and lakes of p-(4,5-Dihydro-3-methyl-5-oxo-4-(phenylazo)-1H-pyrazol-1-yl)benzenesulphonic acid"	"-"	"-"	"42"	"Salts and lakes of p-(4,5-Dihydro-3-methyl-5-oxo-4-(phenylazo)-1H-pyrazol-1-yl)benzenesulphonic acid"	""	""	""	""	""	"Rinse-off products"	""	""	""	"Colorant"	""	
"Salts and lakes of Pelargonidin"	"-"	"-"	"149"	"Salts and lakes of Pelargonidin"	""	""	""	""	""	"All cosmetic products"	"Purity criteria as set out in Commission Directive 95/45/EC (E 163)"	""	""	"Colorant"	""	
"Salts and lakes of Phenol, 4,4'-(3H-2,1-benzoxathiol-3-ylidene)bis[2,6-dibromo-3-methyl-,S,S-dioxide"	"-"	"-"	"152"	"Salts and lakes of Phenol, 4,4&#39;-(3H-2,1-benzoxathiol-3-ylidene)bis[2,6-dibromo-3-methyl-,S,S-dioxide"	""	""	""	""	""	"Rinse-off products"	""	""	""	"Colorant"	""	
"Salts and lakes of Phenol, 4,4'-(3H-2,1-benzoxathiol-3-ylidene)bis[2-bromo-3-methyl-6-(1-methylethyl)-, S,S-dioxide"	"-"	"-"	"151"	"Salts and lakes of Phenol, 4,4&#39;-(3H-2,1-benzoxathiol-3-ylidene)bis[2-bromo-3-methyl-6-(1-methylethyl)-, S,S-dioxide"	""	""	""	""	""	"Rinse-off products"	""	""	""	"Colorant"	""	
"Salts and lakes of Polychloro copper phthalocyanine"	"-"	"-"	"107"	"Salts and lakes of Polychloro copper phthalocyanine"	""	""	""	""	""	"All cosmetic products except eye products"	"Not to be used in eye products"	""	""	"Colorant"	""	
"Salts and lakes of Riboflavin"	"-"	"-"	"145"	"Salts and lakes of Riboflavin"	""	""	""	""	""	"All cosmetic products"	"Purity criteria as set out in Commission Directive 95/45/EC (E 101)"	""	""	"Colorant"	""	
"Salts and lakes of Sodium 3,3'-(9,10-dioxoanthracene-1,4-diyldiimino)bis(2,4,6-trimethylbenzenesulphonate)"	"-"	"-"	"93"	"Salts and lakes of Sodium 3,3&#39;-(9,10-dioxoanthracene-1,4-diyldiimino)bis(2,4,6-trimethylbenzenesulphonate)"	""	""	""	""	""	"Rinse-off products"	""	""	""	"Colorant"	""	
"Salts and lakes of Xanthylium, 9-(2-carboxyphenyl)-3-((2-methylphenyl)amino)-6-((2-methyl-4-sulfophenyl)amino)-, inner salt"	"-"	"-"	"72"	"Salts and lakes of Xanthylium, 9-(2-carboxyphenyl)-3-((2-methylphenyl)amino)-6-((2-methyl-4-sulfophenyl)amino)-, inner salt"	""	""	""	""	""	"Rinse-off products"	""	""	""	"Colorant"	""	
"Silver"	"231-131-3"	"7440-22-4"	"142"	"Silver"	"231-131-3"	"7440-22-4"	"77820"	"White"	""	"All cosmetic products"	"Purity criteria as set out in Commission Directive 95/45/EC (E 174)"	""	""	"Colorant"	""	
"Sodium 1-amino-4-(cyclohexylamino)-9,10-dihydro-9,10-dioxoanthracene-2-sulphonate"	"224-460-9"	"4368-56-3"	"94"	"Sodium 1-amino-4-(cyclohexylamino)-9,10-dihydro-9,10-dioxoanthracene-2-sulphonate"	""	"4368-56-3"	"62045"	"Blue"	""	"Rinse-off products"	""	""	""	"Colorant"	""	
"Sodium 2-[(2-hydroxynaphthyl)azo]naphthale-nesulphonate"	"214-998-2"	"1248-18-6"	"25"	"Sodium 2-[(2-hydroxynaphthyl)azo]naphthale-nesulphonate"	""	"1248-18-6"	"15630"	"Red"	""	"All cosmetic products"	""	"3 %"	""	"Colorant"	""	
"Sodium 3,3'-(9,10-dioxoanthracene-1,4-diyldiimino)bis(2,4,6-trimethylbenzenesulphonate)"	"224-748-4"	"4474-24-2"	"93"	"Sodium 3,3&#39;-(9,10-dioxoanthracene-1,4-diyldiimino)bis(2,4,6-trimethylbenzenesulphonate)"	""	"4474-24-2"	"61585"	"Blue"	""	"Rinse-off products"	""	""	""	"Colorant"	""	
"Sodium 4-(2,4-dihydroxyphenylazo)benzenesulphonate"	"208-924-8"	"547-57-9"	"17"	"Sodium 4-(2,4-dihydroxyphenylazo)benzenesulphonate"	""	"547-57-9"	"14270"	"Orange"	""	"All cosmetic products except when used as a substance in hair dye products"	""	""	""	"Colorant"	""	
"Sodium 4-(3-hydroxy-5-methyl-4-(phenylazo)pyrazol-2-yl)benzenesulphonate"	"228-808-0"	"6359-82-6"	"42"	"Sodium 4-(3-hydroxy-5-methyl-4-(phenylazo)pyrazol-2-yl)benzenesulphonate"	""	"6359-82-6"	"18820"	"Yellow"	""	"Rinse-off products"	""	""	""	"Colorant"	""	
"Sodium 4-[(2-hydroxy-1-naphthyl)azo]benzenesulphonate"	"211-199-0"	"633-96-5"	"21"	"Sodium 4-[(2-hydroxy-1-naphthyl)azo]benzenesulphonate"	""	"633-96-5"	"15510"	"Orange"	""	"All cosmetic products except eye products"	"Not to be used in eye products"	""	""	"Colorant"	""	
"Sodium 4-[(2-Hydroxy-1-naphthyl)azo]naphthalenesulphonate"	"216-760-3"	"1658-56-6"	"24"	"Sodium 4-[(2-Hydroxy-1-naphthyl)azo]naphthalenesulphonate"	""	"1658-56-6"	"15620"	"Red"	""	"Rinse-off products"	""	""	""	"Colorant"	""	
"Sodium 4-[(4,5-dihydro-3-methyl-5-oxo-1-phenyl-1H-pyrazol-4-yl)azo]-3-hydroxynaphthalene-1-sulphonate"	"602-053-0"	"12220-24-5"	"153"	"Sodium 4-[(4,5-dihydro-3-methyl-5-oxo-1-phenyl-1H-pyrazol-4-yl)azo]-3-hydroxynaphthalene-1-sulphonate"	""	"12220-24-5"	""	"Red"	""	"All cosmetic products except those applied to mucous membranes"	"Not to be used in products applied to mucous membranes"	""	""	"Colorant"	""	
"Sodium 4-[(9,10-dihydro-4-hydroxy-9,10-dioxo-1-anthryl)amino]toluene-3-sulphonate"	"224-618-7"	"4430-18-6"	"90"	"Sodium 4-[(9,10-dihydro-4-hydroxy-9,10-dioxo-1-anthryl)amino]toluene-3-sulphonate"	""	"4430-18-6"	"60730"	"Violet"	""	"All cosmetic products except those applied to mucous membranes"	"Not to be used in products applied to mucous membranes"	""	""	"Colorant"	""	
"Sodium 4-amino-5-hydroxy-3-((4-nitrophenyl)azo)-6-(phenylazo)naphthalene-2,7-disulphonate"	"213-903-1"	"1064-48-8"	"46"	"Sodium 4-amino-5-hydroxy-3-((4-nitrophenyl)azo)-6-(phenylazo)naphthalene-2,7-disulphonate"	""	"1064-48-8"	"20470"	"Black"	""	"Rinse-off products"	""	""	""	"Colorant"	""	
"Sodium tris(1,2-naphthoquinone 1-oximato-O,O')ferrate(1-)"	"240-299-7"	"16143-80-9"	"1"	"Sodium tris(1,2-naphthoquinone 1-oximato-O,O&#39;)ferrate(1-)"	""	"16143-80-9"	"10006"	"Green"	""	"Rinse-off products"	""	""	""	"Colorant"	""	
"Sulfonated nigrosine color"	"616-852-7"	"8005-03-6"	"84"	"Sulfonated nigrosine color"	""	"8005-03-6"	"50420"	"Black"	""	"All cosmetic products except those applied to mucous membranes and when used as a substance in hair dye products"	"Not to be used in products applied to mucous membranes"	""	""	"Colorant"	""	
"Tetrasodium 1-acetamido-2-hydroxy-3-(4-((4-sulphonatophenylazo)-7-sulphonato-1-naphthylazo))naphthalene-4,6-disulphonate"	"219-746-5"	"2519-30-4"	"53"	"Tetrasodium 1-acetamido-2-hydroxy-3-(4-((4-sulphonatophenylazo)-7-sulphonato-1-naphthylazo))naphthalene-4,6-disulphonate"	"219-746-5"	"2519-30-4"	"28440"	"Black"	""	"All cosmetic products"	"Purity criteria as set out in Commission Directive 95/45/EC (E 151)"	""	""	"Colorant"	""	
"Tetrasodium 6-amino-4-hydroxy-3-[[7-sulphonato-4-[(4-sulphonatophenyl)azo]-1-naphthyl]azo]naphthalene-2,7-disulphonate"	"218-326-9"	"2118-39-0"	"52"	"Tetrasodium 6-amino-4-hydroxy-3-[[7-sulphonato-4-[(4-sulphonatophenyl)azo]-1-naphthyl]azo]naphthalene-2,7-disulphonate"	""	"2118-39-0"	"27755"	"Black"	""	"All cosmetic products except when used as a substance in hair dye products"	""	""	""	"Colorant"	""	
"Tetrasodium 7-hydroxy-8-[(4-sulphonato-1-naphthyl)azo]naphthalene-1,3,6-trisulphonate"	"227-454-4"	"5850-44-2"	"36"	"Tetrasodium 7-hydroxy-8-[(4-sulphonato-1-naphthyl)azo]naphthalene-1,3,6-trisulphonate"	""	"5850-44-2"	"16290"	"Red"	""	"All cosmetic products"	""	""	""	"Colorant"	""	
"Titanium dioxide"	"236-675-5"	"13463-67-7"	"143"	"Titanium dioxide"	"236-675-5"	"13463-67-7"	"77891"	"White"	""	"All cosmetic products"	"Purity criteria as set out in Commission Directive 95/45/EC (E 171); Titanium dioxide in powder form containing 1 % or more of particles with aerodynamic diameter ≤ 10 μm, to be used in compliance with Annex III, No [321]"	""	""	"Colorant"	"For use as a UV-Filter, see Annex VI, No. 27"	
"Trimanganese bis (orthophosphate)"	"-"	"10236-39-2"	"141"	"Trimanganese bis (orthophosphate)"	""	"10236-39-2"	"77745"	"Red"	""	"All cosmetic products"	""	""	""	"Colorant"	""	
"Trisodium (2S-trans)-[18-carboxy-20-(carboxymethyl)-13-ethyl-2,3-dihydro-3,7,12,17-tetramethyl-8-vinyl-21H,23Hporphine-2-propionato(5-)-N21,N22,N23,N24]cuprate(3-)"	"234-242-5"	"11006-34-1"	"116"	"Trisodium (2S-trans)-[18-carboxy-20-(carboxymethyl)-13-ethyl-2,3-dihydro-3,7,12,17-tetramethyl-8-vinyl-21H,23Hporphine-2-propionato(5-)-N21,N22,N23,N24]cuprate(3-)"	""	"11006-34-1"	"75810"	"Green"	""	"All cosmetic products"	"Purity criteria as set out in Commission Directive 95/45/EC (E 140, E 141)"	""	""	"Colorant"	""	
"Trisodium 1-(1-naphthylazo)-2-hydroxynaphthalene-4',6,8-trisulphonate"	"220-036-2"	"2611-82-7"	"35"	"Trisodium 1-(1-naphthylazo)-2-hydroxynaphthalene-4&#39;,6,8-trisulphonate"	"220-036-2"	"2611-82-7"	"16255"	"Red"	""	"All cosmetic products"	"Purity criteria as set out in Commission Directive 95/45/EC (E 124)"	""	""	"Colorant"	""	
"Trisodium 3-hydroxy-4-[(4'-sulphonatonaphthyl)azo]naphthalene-2,7-disulphonate"	"213-022-2"	"915-67-3"	"33"	"Trisodium 3-hydroxy-4-[(4&#39;-sulphonatonaphthyl)azo]naphthalene-2,7-disulphonate"	"213-022-2"	"915-67-3"	"16185"	"Red"	""	"All cosmetic products except when used as a substance in hair dye products"	"Purity criteria as set out in Commission Directive 95/45/EC (E 123)"	""	""	"Colorant"	""	
"Trisodium 5-hydroxy-1-(4-sulphophenyl)-4-((4-sulphophenyl)azo)pyrazole-3-carboxylate"	"217-699-5"	"1934-21-0"	"44"	"Trisodium 5-hydroxy-1-(4-sulphophenyl)-4-((4-sulphophenyl)azo)pyrazole-3-carboxylate"	"217-699-5"	"1934-21-0"	"19140"	"Yellow"	""	"All cosmetic products"	"Purity criteria as set out in Commission Directive 95/45/EC (E 102)"	""	""	"Colorant"	""	
"Trisodium 8-hydroxypyrene-1,3,6-trisulphonate"	"228-783-6"	"6358-69-6"	"87"	"Trisodium 8-hydroxypyrene-1,3,6-trisulphonate"	""	"6358-69-6"	"59040"	"Green"	""	"All cosmetic products except those applied to mucous membranes and when used as a substance in hair dye products"	"Not to be used in products applied to mucous membranes"	""	""	"Colorant"	""	
"Trisodium tris[5,6-dihydro-5-(hydroxyimino)-6-oxonaphthalene-2-sulphonato(2-)-N5,O6]ferrate(3-)"	"243-010-2"	"19381-50-1"	"2"	"Trisodium tris[5,6-dihydro-5-(hydroxyimino)-6-oxonaphthalene-2-sulphonato(2-)-N5,O6]ferrate(3-)"	""	"19381-50-1"	"10020"	"Green"	""	"All cosmetic products except those applied to mucous membranes and when used as a substance in hair dye products"	"Not to be used in products applied to mucous membranes"	""	""	"Colorant"	""	
"Zinc oxide"	"215-222-5"	"1314-13-2"	"144"	"Zinc oxide"	"215-222-5"	"1314-13-2"	"77947"	"White"	""	"All cosmetic products"	"Not to be used in applications that may lead to exposure of the end user&#39;s lungs by inhalation"	""	""	"Colorant"	"For use as a UV-filter, see Annex VI, No 30 and No 30a"	
"Zinc stearate"	"209-151-9"	"557-05-1"	"150"	"Zinc stearate"	"209-151-9"	"557-05-1"	""	"White"	""	"All cosmetic products"	""	""	""	"Colorant"	""	
