jurisdiction,product_category,product_subtype,ingredient_lookup_kind,ingredient_lookup_value,rule_type,max_value,max_unit,basis,condition_text,exceptions_text,source_title,source_url,source_clause,effective_from,effective_to,rule_version,last_reviewed_at,status
EU,all,,canonical_name,SODIUM CHLORIDE,allowed,,,,"Permissible watchlist ingredient bootstrap (high prevalence, not in loaded prohibited/restricted bootstrap lists). Observed count in Open Beauty Facts: 3391.",,OBF prevalence permissible bootstrap,https://world.openbeautyfacts.org/facets/ingredients/sodium-chloride,Not in current Annex II/III bootstrap set,2026-02-23,,2026.02.allowed.bootstrap.v1,2026-02-23,active
UK,all,,canonical_name,SODIUM CHLORIDE,allowed,,,,"Permissible watchlist ingredient bootstrap (high prevalence, not in loaded prohibited/restricted bootstrap lists). Observed count in Open Beauty Facts: 3391.",,OBF prevalence permissible bootstrap,https://world.openbeautyfacts.org/facets/ingredients/sodium-chloride,Not in current Annex II/III bootstrap set,2026-02-23,,2026.02.allowed.bootstrap.v1,2026-02-23,active
EU,all,,canonical_name,GLYCERIN,allowed,,,,"Permissible watchlist ingredient bootstrap (high prevalence, not in loaded prohibited/restricted bootstrap lists). Observed count in Open Beauty Facts: 2008.",,OBF prevalence permissible bootstrap,https://world.openbeautyfacts.org/facets/ingredients/glycerin,Not in current Annex II/III bootstrap set,2026-02-23,,2026.02.allowed.bootstrap.v1,2026-02-23,active
UK,all,,canonical_name,GLYCERIN,allowed,,,,"Permissible watchlist ingredient bootstrap (high prevalence, not in loaded prohibited/restricted bootstrap lists). Observed count in Open Beauty Facts: 2008.",,OBF prevalence permissible bootstrap,https://world.openbeautyfacts.org/facets/ingredients/glycerin,Not in current Annex II/III bootstrap set,2026-02-23,,2026.02.allowed.bootstrap.v1,2026-02-23,active
EU,all,,canonical_name,LINALOOL,allowed,,,,"Permissible watchlist ingredient bootstrap (high prevalence, not in loaded prohibited/restricted bootstrap lists). Observed count in Open Beauty Facts: 1981.",,OBF prevalence permissible bootstrap,https://world.openbeautyfacts.org/facets/ingredients/linalool,Not in current Annex II/III bootstrap set,2026-02-23,,2026.02.allowed.bootstrap.v1,2026-02-23,active
UK,all,,canonical_name,LINALOOL,allowed,,,,"Permissible watchlist ingredient bootstrap (high prevalence, not in loaded prohibited/restricted bootstrap lists). Observed count in Open Beauty Facts: 1981.",,OBF prevalence permissible bootstrap,https://world.openbeautyfacts.org/facets/ingredients/linalool,Not in current Annex II/III bootstrap set,2026-02-23,,2026.02.allowed.bootstrap.v1,2026-02-23,active
EU,all,,canonical_name,LIMONENE,allowed,,,,"Permissible watchlist ingredient bootstrap (high prevalence, not in loaded prohibited/restricted bootstrap lists). Observed count in Open Beauty Facts: 1948.",,OBF prevalence permissible bootstrap,https://world.openbeautyfacts.org/facets/ingredients/limonene,Not in current Annex II/III bootstrap set,2026-02-23,,2026.02.allowed.bootstrap.v1,2026-02-23,active
UK,all,,canonical_name,LIMONENE,allowed,,,,"Permissible watchlist ingredient bootstrap (high prevalence, not in loaded prohibited/restricted bootstrap lists). Observed count in Open Beauty Facts: 1948.",,OBF prevalence permissible bootstrap,https://world.openbeautyfacts.org/facets/ingredients/limonene,Not in current Annex II/III bootstrap set,2026-02-23,,2026.02.allowed.bootstrap.v1,2026-02-23,active
EU,all,,canonical_name,PHENOXYETHANOL,allowed,,,,"Permissible watchlist ingredient bootstrap (high prevalence, not in loaded prohibited/restricted bootstrap lists). Observed count in Open Beauty Facts: 1788.",,OBF prevalence permissible bootstrap,https://world.openbeautyfacts.org/facets/ingredients/phenoxyethanol,Not in current Annex II/III bootstrap set,2026-02-23,,2026.02.allowed.bootstrap.v1,2026-02-23,active
UK,all,,canonical_name,PHENOXYETHANOL,allowed,,,,"Permissible watchlist ingredient bootstrap (high prevalence, not in loaded prohibited/restricted bootstrap lists). Observed count in Open Beauty Facts: 1788.",,OBF prevalence permissible bootstrap,https://world.openbeautyfacts.org/facets/ingredients/phenoxyethanol,Not in current Annex II/III bootstrap set,2026-02-23,,2026.02.allowed.bootstrap.v1,2026-02-23,active
EU,all,,canonical_name,CITRIC ACID,allowed,,,,"Permissible watchlist ingredient bootstrap (high prevalence, not in loaded prohibited/restricted bootstrap lists). Observed count in Open Beauty Facts: 1304.",,OBF prevalence permissible bootstrap,https://world.openbeautyfacts.org/facets/ingredients/citric-acid,Not in current Annex II/III bootstrap set,2026-02-23,,2026.02.allowed.bootstrap.v1,2026-02-23,active
UK,all,,canonical_name,CITRIC ACID,allowed,,,,"Permissible watchlist ingredient bootstrap (high prevalence, not in loaded prohibited/restricted bootstrap lists). Observed count in Open Beauty Facts: 1304.",,OBF prevalence permissible bootstrap,https://world.openbeautyfacts.org/facets/ingredients/citric-acid,Not in current Annex II/III bootstrap set,2026-02-23,,2026.02.allowed.bootstrap.v1,2026-02-23,active
EU,all,,canonical_name,COCAMIDOPROPYL BETAINE,allowed,,,,"Permissible watchlist ingredient bootstrap (high prevalence, not in loaded prohibited/restricted bootstrap lists). Observed count in Open Beauty Facts: 1301.",,OBF prevalence permissible bootstrap,https://world.openbeautyfacts.org/facets/ingredients/cocamidopropyl-betaine,Not in current Annex II/III bootstrap set,2026-02-23,,2026.02.allowed.bootstrap.v1,2026-02-23,active
UK,all,,canonical_name,COCAMIDOPROPYL BETAINE,allowed,,,,"Permissible watchlist ingredient bootstrap (high prevalence, not in loaded prohibited/restricted bootstrap lists). Observed count in Open Beauty Facts: 1301.",,OBF prevalence permissible bootstrap,https://world.openbeautyfacts.org/facets/ingredients/cocamidopropyl-betaine,Not in current Annex II/III bootstrap set,2026-02-23,,2026.02.allowed.bootstrap.v1,2026-02-23,active
EU,all,,canonical_name,DISODIUM EDTA,allowed,,,,"Permissible watchlist ingredient bootstrap (high prevalence, not in loaded prohibited/restricted bootstrap lists). Observed count in Open Beauty Facts: 1213.",,OBF prevalence permissible bootstrap,https://world.openbeautyfacts.org/facets/ingredients/disodium-edta,Not in current Annex II/III bootstrap set,2026-02-23,,2026.02.allowed.bootstrap.v1,2026-02-23,active
UK,all,,canonical_name,DISODIUM EDTA,allowed,,,,"Permissible watchlist ingredient bootstrap (high prevalence, not in loaded prohibited/restricted bootstrap lists). Observed count in Open Beauty Facts: 1213.",,OBF prevalence permissible bootstrap,https://world.openbeautyfacts.org/facets/ingredients/disodium-edta,Not in current Annex II/III bootstrap set,2026-02-23,,2026.02.allowed.bootstrap.v1,2026-02-23,active
EU,all,,canonical_name,CETEARYL ALCOHOL,allowed,,,,"Permissible watchlist ingredient bootstrap (high prevalence, not in loaded prohibited/restricted bootstrap lists). Observed count in Open Beauty Facts: 1055.",,OBF prevalence permissible bootstrap,https://world.openbeautyfacts.org/facets/ingredients/cetearyl-alcohol,Not in current Annex II/III bootstrap set,2026-02-23,,2026.02.allowed.bootstrap.v1,2026-02-23,active
UK,all,,canonical_name,CETEARYL ALCOHOL,allowed,,,,"Permissible watchlist ingredient bootstrap (high prevalence, not in loaded prohibited/restricted bootstrap lists). Observed count in Open Beauty Facts: 1055.",,OBF prevalence permissible bootstrap,https://world.openbeautyfacts.org/facets/ingredients/cetearyl-alcohol,Not in current Annex II/III bootstrap set,2026-02-23,,2026.02.allowed.bootstrap.v1,2026-02-23,active
EU,all,,canonical_name,SODIUM BENZOATE,allowed,,,,"Permissible watchlist ingredient bootstrap (high prevalence, not in loaded prohibited/restricted bootstrap lists). Observed count in Open Beauty Facts: 1022.",,OBF prevalence permissible bootstrap,https://world.openbeautyfacts.org/facets/ingredients/sodium-benzoate,Not in current Annex II/III bootstrap set,2026-02-23,,2026.02.allowed.bootstrap.v1,2026-02-23,active
UK,all,,canonical_name,SODIUM BENZOATE,allowed,,,,"Permissible watchlist ingredient bootstrap (high prevalence, not in loaded prohibited/restricted bootstrap lists). Observed count in Open Beauty Facts: 1022.",,OBF prevalence permissible bootstrap,https://world.openbeautyfacts.org/facets/ingredients/sodium-benzoate,Not in current Annex II/III bootstrap set,2026-02-23,,2026.02.allowed.bootstrap.v1,2026-02-23,active
EU,all,,canonical_name,SODIUM LAURETH SULFATE,allowed,,,,"Permissible watchlist ingredient bootstrap (high prevalence, not in loaded prohibited/restricted bootstrap lists). Observed count in Open Beauty Facts: 1000.",,OBF prevalence permissible bootstrap,https://world.openbeautyfacts.org/facets/ingredients/sodium-laureth-sulfate,Not in current Annex II/III bootstrap set,2026-02-23,,2026.02.allowed.bootstrap.v1,2026-02-23,active
UK,all,,canonical_name,SODIUM LAURETH SULFATE,allowed,,,,"Permissible watchlist ingredient bootstrap (high prevalence, not in loaded prohibited/restricted bootstrap lists). Observed count in Open Beauty Facts: 1000.",,OBF prevalence permissible bootstrap,https://world.openbeautyfacts.org/facets/ingredients/sodium-laureth-sulfate,Not in current Annex II/III bootstrap set,2026-02-23,,2026.02.allowed.bootstrap.v1,2026-02-23,active
EU,all,,canonical_name,TOCOPHERYL ACETATE,allowed,,,,"Permissible watchlist ingredient bootstrap (high prevalence, not in loaded prohibited/restricted bootstrap lists). Observed count in Open Beauty Facts: 987.",,OBF prevalence permissible bootstrap,https://world.openbeautyfacts.org/facets/ingredients/tocopheryl-acetate,Not in current Annex II/III bootstrap set,2026-02-23,,2026.02.allowed.bootstrap.v1,2026-02-23,active
UK,all,,canonical_name,TOCOPHERYL ACETATE,allowed,,,,"Permissible watchlist ingredient bootstrap (high prevalence, not in loaded prohibited/restricted bootstrap lists). Observed count in Open Beauty Facts: 987.",,OBF prevalence permissible bootstrap,https://world.openbeautyfacts.org/facets/ingredients/tocopheryl-acetate,Not in current Annex II/III bootstrap set,2026-02-23,,2026.02.allowed.bootstrap.v1,2026-02-23,active
EU,all,,canonical_name,Vitamin-e,allowed,,,,"Permissible watchlist ingredient bootstrap (high prevalence, not in loaded prohibited/restricted bootstrap lists). Observed count in Open Beauty Facts: 955.",,OBF prevalence permissible bootstrap,https://world.openbeautyfacts.org/facets/ingredients/vitamin-e,Not in current Annex II/III bootstrap set,2026-02-23,,2026.02.allowed.bootstrap.v1,2026-02-23,active
UK,all,,canonical_name,Vitamin-e,allowed,,,,"Permissible watchlist ingredient bootstrap (high prevalence, not in loaded prohibited/restricted bootstrap lists). Observed count in Open Beauty Facts: 955.",,OBF prevalence permissible bootstrap,https://world.openbeautyfacts.org/facets/ingredients/vitamin-e,Not in current Annex II/III bootstrap set,2026-02-23,,2026.02.allowed.bootstrap.v1,2026-02-23,active
EU,all,,canonical_name,CITRONELLOL,allowed,,,,"Permissible watchlist ingredient bootstrap (high prevalence, not in loaded prohibited/restricted bootstrap lists). Observed count in Open Beauty Facts: 950.",,OBF prevalence permissible bootstrap,https://world.openbeautyfacts.org/facets/ingredients/citronellol,Not in current Annex II/III bootstrap set,2026-02-23,,2026.02.allowed.bootstrap.v1,2026-02-23,active
UK,all,,canonical_name,CITRONELLOL,allowed,,,,"Permissible watchlist ingredient bootstrap (high prevalence, not in loaded prohibited/restricted bootstrap lists). Observed count in Open Beauty Facts: 950.",,OBF prevalence permissible bootstrap,https://world.openbeautyfacts.org/facets/ingredients/citronellol,Not in current Annex II/III bootstrap set,2026-02-23,,2026.02.allowed.bootstrap.v1,2026-02-23,active
EU,all,,canonical_name,Hexyl Cinnamal,allowed,,,,"Permissible watchlist ingredient bootstrap (high prevalence, not in loaded prohibited/restricted bootstrap lists). Observed count in Open Beauty Facts: 950.",,OBF prevalence permissible bootstrap,https://world.openbeautyfacts.org/facets/ingredients/hexyl-cinnamal,Not in current Annex II/III bootstrap set,2026-02-23,,2026.02.allowed.bootstrap.v1,2026-02-23,active
UK,all,,canonical_name,Hexyl Cinnamal,allowed,,,,"Permissible watchlist ingredient bootstrap (high prevalence, not in loaded prohibited/restricted bootstrap lists). Observed count in Open Beauty Facts: 950.",,OBF prevalence permissible bootstrap,https://world.openbeautyfacts.org/facets/ingredients/hexyl-cinnamal,Not in current Annex II/III bootstrap set,2026-02-23,,2026.02.allowed.bootstrap.v1,2026-02-23,active
EU,all,,canonical_name,GERANIOL,allowed,,,,"Permissible watchlist ingredient bootstrap (high prevalence, not in loaded prohibited/restricted bootstrap lists). Observed count in Open Beauty Facts: 840.",,OBF prevalence permissible bootstrap,https://world.openbeautyfacts.org/facets/ingredients/geraniol,Not in current Annex II/III bootstrap set,2026-02-23,,2026.02.allowed.bootstrap.v1,2026-02-23,active
UK,all,,canonical_name,GERANIOL,allowed,,,,"Permissible watchlist ingredient bootstrap (high prevalence, not in loaded prohibited/restricted bootstrap lists). Observed count in Open Beauty Facts: 840.",,OBF prevalence permissible bootstrap,https://world.openbeautyfacts.org/facets/ingredients/geraniol,Not in current Annex II/III bootstrap set,2026-02-23,,2026.02.allowed.bootstrap.v1,2026-02-23,active
EU,all,,canonical_name,PANTHENOL,allowed,,,,"Permissible watchlist ingredient bootstrap (high prevalence, not in loaded prohibited/restricted bootstrap lists). Observed count in Open Beauty Facts: 835.",,OBF prevalence permissible bootstrap,https://world.openbeautyfacts.org/facets/ingredients/panthenol,Not in current Annex II/III bootstrap set,2026-02-23,,2026.02.allowed.bootstrap.v1,2026-02-23,active
UK,all,,canonical_name,PANTHENOL,allowed,,,,"Permissible watchlist ingredient bootstrap (high prevalence, not in loaded prohibited/restricted bootstrap lists). Observed count in Open Beauty Facts: 835.",,OBF prevalence permissible bootstrap,https://world.openbeautyfacts.org/facets/ingredients/panthenol,Not in current Annex II/III bootstrap set,2026-02-23,,2026.02.allowed.bootstrap.v1,2026-02-23,active
EU,all,,canonical_name,Flavouring,allowed,,,,"Permissible watchlist ingredient bootstrap (high prevalence, not in loaded prohibited/restricted bootstrap lists). Observed count in Open Beauty Facts: 823.",,OBF prevalence permissible bootstrap,https://world.openbeautyfacts.org/facets/ingredients/flavouring,Not in current Annex II/III bootstrap set,2026-02-23,,2026.02.allowed.bootstrap.v1,2026-02-23,active
UK,all,,canonical_name,Flavouring,allowed,,,,"Permissible watchlist ingredient bootstrap (high prevalence, not in loaded prohibited/restricted bootstrap lists). Observed count in Open Beauty Facts: 823.",,OBF prevalence permissible bootstrap,https://world.openbeautyfacts.org/facets/ingredients/flavouring,Not in current Annex II/III bootstrap set,2026-02-23,,2026.02.allowed.bootstrap.v1,2026-02-23,active
EU,all,,canonical_name,CAPRYLYL GLYCOL,allowed,,,,"Permissible watchlist ingredient bootstrap (high prevalence, not in loaded prohibited/restricted bootstrap lists). Observed count in Open Beauty Facts: 796.",,OBF prevalence permissible bootstrap,https://world.openbeautyfacts.org/facets/ingredients/caprylyl-glycol,Not in current Annex II/III bootstrap set,2026-02-23,,2026.02.allowed.bootstrap.v1,2026-02-23,active
UK,all,,canonical_name,CAPRYLYL GLYCOL,allowed,,,,"Permissible watchlist ingredient bootstrap (high prevalence, not in loaded prohibited/restricted bootstrap lists). Observed count in Open Beauty Facts: 796.",,OBF prevalence permissible bootstrap,https://world.openbeautyfacts.org/facets/ingredients/caprylyl-glycol,Not in current Annex II/III bootstrap set,2026-02-23,,2026.02.allowed.bootstrap.v1,2026-02-23,active
EU,all,,canonical_name,ETHYLHEXYLGLYCERIN,allowed,,,,"Permissible watchlist ingredient bootstrap (high prevalence, not in loaded prohibited/restricted bootstrap lists). Observed count in Open Beauty Facts: 730.",,OBF prevalence permissible bootstrap,https://world.openbeautyfacts.org/facets/ingredients/ethylhexylglycerin,Not in current Annex II/III bootstrap set,2026-02-23,,2026.02.allowed.bootstrap.v1,2026-02-23,active
UK,all,,canonical_name,ETHYLHEXYLGLYCERIN,allowed,,,,"Permissible watchlist ingredient bootstrap (high prevalence, not in loaded prohibited/restricted bootstrap lists). Observed count in Open Beauty Facts: 730.",,OBF prevalence permissible bootstrap,https://world.openbeautyfacts.org/facets/ingredients/ethylhexylglycerin,Not in current Annex II/III bootstrap set,2026-02-23,,2026.02.allowed.bootstrap.v1,2026-02-23,active
EU,all,,canonical_name,GLYCERYL STEARATE,allowed,,,,"Permissible watchlist ingredient bootstrap (high prevalence, not in loaded prohibited/restricted bootstrap lists). Observed count in Open Beauty Facts: 723.",,OBF prevalence permissible bootstrap,https://world.openbeautyfacts.org/facets/ingredients/glyceryl-stearate,Not in current Annex II/III bootstrap set,2026-02-23,,2026.02.allowed.bootstrap.v1,2026-02-23,active
UK,all,,canonical_name,GLYCERYL STEARATE,allowed,,,,"Permissible watchlist ingredient bootstrap (high prevalence, not in loaded prohibited/restricted bootstrap lists). Observed count in Open Beauty Facts: 723.",,OBF prevalence permissible bootstrap,https://world.openbeautyfacts.org/facets/ingredients/glyceryl-stearate,Not in current Annex II/III bootstrap set,2026-02-23,,2026.02.allowed.bootstrap.v1,2026-02-23,active
EU,all,,canonical_name,CETYL ALCOHOL,allowed,,,,"Permissible watchlist ingredient bootstrap (high prevalence, not in loaded prohibited/restricted bootstrap lists). Observed count in Open Beauty Facts: 699.",,OBF prevalence permissible bootstrap,https://world.openbeautyfacts.org/facets/ingredients/cetyl-alcohol,Not in current Annex II/III bootstrap set,2026-02-23,,2026.02.allowed.bootstrap.v1,2026-02-23,active
UK,all,,canonical_name,CETYL ALCOHOL,allowed,,,,"Permissible watchlist ingredient bootstrap (high prevalence, not in loaded prohibited/restricted bootstrap lists). Observed count in Open Beauty Facts: 699.",,OBF prevalence permissible bootstrap,https://world.openbeautyfacts.org/facets/ingredients/cetyl-alcohol,Not in current Annex II/III bootstrap set,2026-02-23,,2026.02.allowed.bootstrap.v1,2026-02-23,active
EU,all,,canonical_name,TOCOPHEROL,allowed,,,,"Permissible watchlist ingredient bootstrap (high prevalence, not in loaded prohibited/restricted bootstrap lists). Observed count in Open Beauty Facts: 667.",,OBF prevalence permissible bootstrap,https://world.openbeautyfacts.org/facets/ingredients/tocopherol,Not in current Annex II/III bootstrap set,2026-02-23,,2026.02.allowed.bootstrap.v1,2026-02-23,active
UK,all,,canonical_name,TOCOPHEROL,allowed,,,,"Permissible watchlist ingredient bootstrap (high prevalence, not in loaded prohibited/restricted bootstrap lists). Observed count in Open Beauty Facts: 667.",,OBF prevalence permissible bootstrap,https://world.openbeautyfacts.org/facets/ingredients/tocopherol,Not in current Annex II/III bootstrap set,2026-02-23,,2026.02.allowed.bootstrap.v1,2026-02-23,active
EU,all,,canonical_name,XANTHAN GUM,allowed,,,,"Permissible watchlist ingredient bootstrap (high prevalence, not in loaded prohibited/restricted bootstrap lists). Observed count in Open Beauty Facts: 638.",,OBF prevalence permissible bootstrap,https://world.openbeautyfacts.org/facets/ingredients/xanthan-gum,Not in current Annex II/III bootstrap set,2026-02-23,,2026.02.allowed.bootstrap.v1,2026-02-23,active
UK,all,,canonical_name,XANTHAN GUM,allowed,,,,"Permissible watchlist ingredient bootstrap (high prevalence, not in loaded prohibited/restricted bootstrap lists). Observed count in Open Beauty Facts: 638.",,OBF prevalence permissible bootstrap,https://world.openbeautyfacts.org/facets/ingredients/xanthan-gum,Not in current Annex II/III bootstrap set,2026-02-23,,2026.02.allowed.bootstrap.v1,2026-02-23,active
EU,all,,canonical_name,DIMETHICONE,allowed,,,,"Permissible watchlist ingredient bootstrap (high prevalence, not in loaded prohibited/restricted bootstrap lists). Observed count in Open Beauty Facts: 626.",,OBF prevalence permissible bootstrap,https://world.openbeautyfacts.org/facets/ingredients/dimethicone,Not in current Annex II/III bootstrap set,2026-02-23,,2026.02.allowed.bootstrap.v1,2026-02-23,active
UK,all,,canonical_name,DIMETHICONE,allowed,,,,"Permissible watchlist ingredient bootstrap (high prevalence, not in loaded prohibited/restricted bootstrap lists). Observed count in Open Beauty Facts: 626.",,OBF prevalence permissible bootstrap,https://world.openbeautyfacts.org/facets/ingredients/dimethicone,Not in current Annex II/III bootstrap set,2026-02-23,,2026.02.allowed.bootstrap.v1,2026-02-23,active
EU,all,,canonical_name,BENZYL SALICYLATE,allowed,,,,"Permissible watchlist ingredient bootstrap (high prevalence, not in loaded prohibited/restricted bootstrap lists). Observed count in Open Beauty Facts: 625.",,OBF prevalence permissible bootstrap,https://world.openbeautyfacts.org/facets/ingredients/benzyl-salicylate,Not in current Annex II/III bootstrap set,2026-02-23,,2026.02.allowed.bootstrap.v1,2026-02-23,active
UK,all,,canonical_name,BENZYL SALICYLATE,allowed,,,,"Permissible watchlist ingredient bootstrap (high prevalence, not in loaded prohibited/restricted bootstrap lists). Observed count in Open Beauty Facts: 625.",,OBF prevalence permissible bootstrap,https://world.openbeautyfacts.org/facets/ingredients/benzyl-salicylate,Not in current Annex II/III bootstrap set,2026-02-23,,2026.02.allowed.bootstrap.v1,2026-02-23,active
EU,all,,canonical_name,COUMARIN,allowed,,,,"Permissible watchlist ingredient bootstrap (high prevalence, not in loaded prohibited/restricted bootstrap lists). Observed count in Open Beauty Facts: 599.",,OBF prevalence permissible bootstrap,https://world.openbeautyfacts.org/facets/ingredients/coumarin,Not in current Annex II/III bootstrap set,2026-02-23,,2026.02.allowed.bootstrap.v1,2026-02-23,active
UK,all,,canonical_name,COUMARIN,allowed,,,,"Permissible watchlist ingredient bootstrap (high prevalence, not in loaded prohibited/restricted bootstrap lists). Observed count in Open Beauty Facts: 599.",,OBF prevalence permissible bootstrap,https://world.openbeautyfacts.org/facets/ingredients/coumarin,Not in current Annex II/III bootstrap set,2026-02-23,,2026.02.allowed.bootstrap.v1,2026-02-23,active
EU,all,,canonical_name,Eau,allowed,,,,"Permissible watchlist ingredient bootstrap (high prevalence, not in loaded prohibited/restricted bootstrap lists). Observed count in Open Beauty Facts: 580.",,OBF prevalence permissible bootstrap,https://world.openbeautyfacts.org/facets/ingredients/eau,Not in current Annex II/III bootstrap set,2026-02-23,,2026.02.allowed.bootstrap.v1,2026-02-23,active
UK,all,,canonical_name,Eau,allowed,,,,"Permissible watchlist ingredient bootstrap (high prevalence, not in loaded prohibited/restricted bootstrap lists). Observed count in Open Beauty Facts: 580.",,OBF prevalence permissible bootstrap,https://world.openbeautyfacts.org/facets/ingredients/eau,Not in current Annex II/III bootstrap set,2026-02-23,,2026.02.allowed.bootstrap.v1,2026-02-23,active
EU,all,,canonical_name,MENTHOL,allowed,,,,"Permissible watchlist ingredient bootstrap (high prevalence, not in loaded prohibited/restricted bootstrap lists). Observed count in Open Beauty Facts: 572.",,OBF prevalence permissible bootstrap,https://world.openbeautyfacts.org/facets/ingredients/menthol,Not in current Annex II/III bootstrap set,2026-02-23,,2026.02.allowed.bootstrap.v1,2026-02-23,active
UK,all,,canonical_name,MENTHOL,allowed,,,,"Permissible watchlist ingredient bootstrap (high prevalence, not in loaded prohibited/restricted bootstrap lists). Observed count in Open Beauty Facts: 572.",,OBF prevalence permissible bootstrap,https://world.openbeautyfacts.org/facets/ingredients/menthol,Not in current Annex II/III bootstrap set,2026-02-23,,2026.02.allowed.bootstrap.v1,2026-02-23,active
EU,all,,canonical_name,BENZYL ALCOHOL,allowed,,,,"Permissible watchlist ingredient bootstrap (high prevalence, not in loaded prohibited/restricted bootstrap lists). Observed count in Open Beauty Facts: 568.",,OBF prevalence permissible bootstrap,https://world.openbeautyfacts.org/facets/ingredients/benzyl-alcohol,Not in current Annex II/III bootstrap set,2026-02-23,,2026.02.allowed.bootstrap.v1,2026-02-23,active
UK,all,,canonical_name,BENZYL ALCOHOL,allowed,,,,"Permissible watchlist ingredient bootstrap (high prevalence, not in loaded prohibited/restricted bootstrap lists). Observed count in Open Beauty Facts: 568.",,OBF prevalence permissible bootstrap,https://world.openbeautyfacts.org/facets/ingredients/benzyl-alcohol,Not in current Annex II/III bootstrap set,2026-02-23,,2026.02.allowed.bootstrap.v1,2026-02-23,active
EU,all,,canonical_name,SODIUM CITRATE,allowed,,,,"Permissible watchlist ingredient bootstrap (high prevalence, not in loaded prohibited/restricted bootstrap lists). Observed count in Open Beauty Facts: 563.",,OBF prevalence permissible bootstrap,https://world.openbeautyfacts.org/facets/ingredients/sodium-citrate,Not in current Annex II/III bootstrap set,2026-02-23,,2026.02.allowed.bootstrap.v1,2026-02-23,active
UK,all,,canonical_name,SODIUM CITRATE,allowed,,,,"Permissible watchlist ingredient bootstrap (high prevalence, not in loaded prohibited/restricted bootstrap lists). Observed count in Open Beauty Facts: 563.",,OBF prevalence permissible bootstrap,https://world.openbeautyfacts.org/facets/ingredients/sodium-citrate,Not in current Annex II/III bootstrap set,2026-02-23,,2026.02.allowed.bootstrap.v1,2026-02-23,active
EU,all,,canonical_name,POTASSIUM SORBATE,allowed,,,,"Permissible watchlist ingredient bootstrap (high prevalence, not in loaded prohibited/restricted bootstrap lists). Observed count in Open Beauty Facts: 559.",,OBF prevalence permissible bootstrap,https://world.openbeautyfacts.org/facets/ingredients/potassium-sorbate,Not in current Annex II/III bootstrap set,2026-02-23,,2026.02.allowed.bootstrap.v1,2026-02-23,active
UK,all,,canonical_name,POTASSIUM SORBATE,allowed,,,,"Permissible watchlist ingredient bootstrap (high prevalence, not in loaded prohibited/restricted bootstrap lists). Observed count in Open Beauty Facts: 559.",,OBF prevalence permissible bootstrap,https://world.openbeautyfacts.org/facets/ingredients/potassium-sorbate,Not in current Annex II/III bootstrap set,2026-02-23,,2026.02.allowed.bootstrap.v1,2026-02-23,active
EU,all,,canonical_name,BUTTER,allowed,,,,"Permissible watchlist ingredient bootstrap (high prevalence, not in loaded prohibited/restricted bootstrap lists). Observed count in Open Beauty Facts: 558.",,OBF prevalence permissible bootstrap,https://world.openbeautyfacts.org/facets/ingredients/butter,Not in current Annex II/III bootstrap set,2026-02-23,,2026.02.allowed.bootstrap.v1,2026-02-23,active
UK,all,,canonical_name,BUTTER,allowed,,,,"Permissible watchlist ingredient bootstrap (high prevalence, not in loaded prohibited/restricted bootstrap lists). Observed count in Open Beauty Facts: 558.",,OBF prevalence permissible bootstrap,https://world.openbeautyfacts.org/facets/ingredients/butter,Not in current Annex II/III bootstrap set,2026-02-23,,2026.02.allowed.bootstrap.v1,2026-02-23,active
EU,all,,canonical_name,ALCOHOL DENAT.,allowed,,,,"Permissible watchlist ingredient bootstrap (high prevalence, not in loaded prohibited/restricted bootstrap lists). Observed count in Open Beauty Facts: 525.",,OBF prevalence permissible bootstrap,https://world.openbeautyfacts.org/facets/ingredients/alcohol-denat,Not in current Annex II/III bootstrap set,2026-02-23,,2026.02.allowed.bootstrap.v1,2026-02-23,active
UK,all,,canonical_name,ALCOHOL DENAT.,allowed,,,,"Permissible watchlist ingredient bootstrap (high prevalence, not in loaded prohibited/restricted bootstrap lists). Observed count in Open Beauty Facts: 525.",,OBF prevalence permissible bootstrap,https://world.openbeautyfacts.org/facets/ingredients/alcohol-denat,Not in current Annex II/III bootstrap set,2026-02-23,,2026.02.allowed.bootstrap.v1,2026-02-23,active
EU,all,,canonical_name,CARBOMER,allowed,,,,"Permissible watchlist ingredient bootstrap (high prevalence, not in loaded prohibited/restricted bootstrap lists). Observed count in Open Beauty Facts: 522.",,OBF prevalence permissible bootstrap,https://world.openbeautyfacts.org/facets/ingredients/carbomer,Not in current Annex II/III bootstrap set,2026-02-23,,2026.02.allowed.bootstrap.v1,2026-02-23,active
UK,all,,canonical_name,CARBOMER,allowed,,,,"Permissible watchlist ingredient bootstrap (high prevalence, not in loaded prohibited/restricted bootstrap lists). Observed count in Open Beauty Facts: 522.",,OBF prevalence permissible bootstrap,https://world.openbeautyfacts.org/facets/ingredients/carbomer,Not in current Annex II/III bootstrap set,2026-02-23,,2026.02.allowed.bootstrap.v1,2026-02-23,active
EU,all,,canonical_name,PROPYLENE GLYCOL,allowed,,,,"Permissible watchlist ingredient bootstrap (high prevalence, not in loaded prohibited/restricted bootstrap lists). Observed count in Open Beauty Facts: 522.",,OBF prevalence permissible bootstrap,https://world.openbeautyfacts.org/facets/ingredients/propylene-glycol,Not in current Annex II/III bootstrap set,2026-02-23,,2026.02.allowed.bootstrap.v1,2026-02-23,active
UK,all,,canonical_name,PROPYLENE GLYCOL,allowed,,,,"Permissible watchlist ingredient bootstrap (high prevalence, not in loaded prohibited/restricted bootstrap lists). Observed count in Open Beauty Facts: 522.",,OBF prevalence permissible bootstrap,https://world.openbeautyfacts.org/facets/ingredients/propylene-glycol,Not in current Annex II/III bootstrap set,2026-02-23,,2026.02.allowed.bootstrap.v1,2026-02-23,active
EU,all,,canonical_name,Coconut,allowed,,,,"Permissible watchlist ingredient bootstrap (high prevalence, not in loaded prohibited/restricted bootstrap lists). Observed count in Open Beauty Facts: 511.",,OBF prevalence permissible bootstrap,https://world.openbeautyfacts.org/facets/ingredients/coconut,Not in current Annex II/III bootstrap set,2026-02-23,,2026.02.allowed.bootstrap.v1,2026-02-23,active
UK,all,,canonical_name,Coconut,allowed,,,,"Permissible watchlist ingredient bootstrap (high prevalence, not in loaded prohibited/restricted bootstrap lists). Observed count in Open Beauty Facts: 511.",,OBF prevalence permissible bootstrap,https://world.openbeautyfacts.org/facets/ingredients/coconut,Not in current Annex II/III bootstrap set,2026-02-23,,2026.02.allowed.bootstrap.v1,2026-02-23,active
EU,all,,canonical_name,GLYCOL DISTEARATE,allowed,,,,"Permissible watchlist ingredient bootstrap (high prevalence, not in loaded prohibited/restricted bootstrap lists). Observed count in Open Beauty Facts: 505.",,OBF prevalence permissible bootstrap,https://world.openbeautyfacts.org/facets/ingredients/glycol-distearate,Not in current Annex II/III bootstrap set,2026-02-23,,2026.02.allowed.bootstrap.v1,2026-02-23,active
UK,all,,canonical_name,GLYCOL DISTEARATE,allowed,,,,"Permissible watchlist ingredient bootstrap (high prevalence, not in loaded prohibited/restricted bootstrap lists). Observed count in Open Beauty Facts: 505.",,OBF prevalence permissible bootstrap,https://world.openbeautyfacts.org/facets/ingredients/glycol-distearate,Not in current Annex II/III bootstrap set,2026-02-23,,2026.02.allowed.bootstrap.v1,2026-02-23,active
EU,all,,canonical_name,Sunflower,allowed,,,,"Permissible watchlist ingredient bootstrap (high prevalence, not in loaded prohibited/restricted bootstrap lists). Observed count in Open Beauty Facts: 487.",,OBF prevalence permissible bootstrap,https://world.openbeautyfacts.org/facets/ingredients/sunflower,Not in current Annex II/III bootstrap set,2026-02-23,,2026.02.allowed.bootstrap.v1,2026-02-23,active
UK,all,,canonical_name,Sunflower,allowed,,,,"Permissible watchlist ingredient bootstrap (high prevalence, not in loaded prohibited/restricted bootstrap lists). Observed count in Open Beauty Facts: 487.",,OBF prevalence permissible bootstrap,https://world.openbeautyfacts.org/facets/ingredients/sunflower,Not in current Annex II/III bootstrap set,2026-02-23,,2026.02.allowed.bootstrap.v1,2026-02-23,active
EU,all,,canonical_name,CI 77891,allowed,,,,"Permissible watchlist ingredient bootstrap (high prevalence, not in loaded prohibited/restricted bootstrap lists). Observed count in Open Beauty Facts: 479.",,OBF prevalence permissible bootstrap,https://world.openbeautyfacts.org/facets/ingredients/ci-77891,Not in current Annex II/III bootstrap set,2026-02-23,,2026.02.allowed.bootstrap.v1,2026-02-23,active
UK,all,,canonical_name,CI 77891,allowed,,,,"Permissible watchlist ingredient bootstrap (high prevalence, not in loaded prohibited/restricted bootstrap lists). Observed count in Open Beauty Facts: 479.",,OBF prevalence permissible bootstrap,https://world.openbeautyfacts.org/facets/ingredients/ci-77891,Not in current Annex II/III bootstrap set,2026-02-23,,2026.02.allowed.bootstrap.v1,2026-02-23,active
EU,all,,canonical_name,Shea-butter,allowed,,,,"Permissible watchlist ingredient bootstrap (high prevalence, not in loaded prohibited/restricted bootstrap lists). Observed count in Open Beauty Facts: 478.",,OBF prevalence permissible bootstrap,https://world.openbeautyfacts.org/facets/ingredients/shea-butter,Not in current Annex II/III bootstrap set,2026-02-23,,2026.02.allowed.bootstrap.v1,2026-02-23,active
UK,all,,canonical_name,Shea-butter,allowed,,,,"Permissible watchlist ingredient bootstrap (high prevalence, not in loaded prohibited/restricted bootstrap lists). Observed count in Open Beauty Facts: 478.",,OBF prevalence permissible bootstrap,https://world.openbeautyfacts.org/facets/ingredients/shea-butter,Not in current Annex II/III bootstrap set,2026-02-23,,2026.02.allowed.bootstrap.v1,2026-02-23,active
EU,all,,canonical_name,Vitamins,allowed,,,,"Permissible watchlist ingredient bootstrap (high prevalence, not in loaded prohibited/restricted bootstrap lists). Observed count in Open Beauty Facts: 470.",,OBF prevalence permissible bootstrap,https://world.openbeautyfacts.org/facets/ingredients/vitamins,Not in current Annex II/III bootstrap set,2026-02-23,,2026.02.allowed.bootstrap.v1,2026-02-23,active
UK,all,,canonical_name,Vitamins,allowed,,,,"Permissible watchlist ingredient bootstrap (high prevalence, not in loaded prohibited/restricted bootstrap lists). Observed count in Open Beauty Facts: 470.",,OBF prevalence permissible bootstrap,https://world.openbeautyfacts.org/facets/ingredients/vitamins,Not in current Annex II/III bootstrap set,2026-02-23,,2026.02.allowed.bootstrap.v1,2026-02-23,active
EU,all,,canonical_name,Vegetable-fat,allowed,,,,"Permissible watchlist ingredient bootstrap (high prevalence, not in loaded prohibited/restricted bootstrap lists). Observed count in Open Beauty Facts: 466.",,OBF prevalence permissible bootstrap,https://world.openbeautyfacts.org/facets/ingredients/vegetable-fat,Not in current Annex II/III bootstrap set,2026-02-23,,2026.02.allowed.bootstrap.v1,2026-02-23,active
UK,all,,canonical_name,Vegetable-fat,allowed,,,,"Permissible watchlist ingredient bootstrap (high prevalence, not in loaded prohibited/restricted bootstrap lists). Observed count in Open Beauty Facts: 466.",,OBF prevalence permissible bootstrap,https://world.openbeautyfacts.org/facets/ingredients/vegetable-fat,Not in current Annex II/III bootstrap set,2026-02-23,,2026.02.allowed.bootstrap.v1,2026-02-23,active
EU,all,,canonical_name,BUTYLENE GLYCOL,allowed,,,,"Permissible watchlist ingredient bootstrap (high prevalence, not in loaded prohibited/restricted bootstrap lists). Observed count in Open Beauty Facts: 463.",,OBF prevalence permissible bootstrap,https://world.openbeautyfacts.org/facets/ingredients/butylene-glycol,Not in current Annex II/III bootstrap set,2026-02-23,,2026.02.allowed.bootstrap.v1,2026-02-23,active
UK,all,,canonical_name,BUTYLENE GLYCOL,allowed,,,,"Permissible watchlist ingredient bootstrap (high prevalence, not in loaded prohibited/restricted bootstrap lists). Observed count in Open Beauty Facts: 463.",,OBF prevalence permissible bootstrap,https://world.openbeautyfacts.org/facets/ingredients/butylene-glycol,Not in current Annex II/III bootstrap set,2026-02-23,,2026.02.allowed.bootstrap.v1,2026-02-23,active
EU,all,,canonical_name,CI 19140,allowed,,,,"Permissible watchlist ingredient bootstrap (high prevalence, not in loaded prohibited/restricted bootstrap lists). Observed count in Open Beauty Facts: 463.",,OBF prevalence permissible bootstrap,https://world.openbeautyfacts.org/facets/ingredients/ci-19140,Not in current Annex II/III bootstrap set,2026-02-23,,2026.02.allowed.bootstrap.v1,2026-02-23,active
UK,all,,canonical_name,CI 19140,allowed,,,,"Permissible watchlist ingredient bootstrap (high prevalence, not in loaded prohibited/restricted bootstrap lists). Observed count in Open Beauty Facts: 463.",,OBF prevalence permissible bootstrap,https://world.openbeautyfacts.org/facets/ingredients/ci-19140,Not in current Annex II/III bootstrap set,2026-02-23,,2026.02.allowed.bootstrap.v1,2026-02-23,active
EU,all,,canonical_name,Extract,allowed,,,,"Permissible watchlist ingredient bootstrap (high prevalence, not in loaded prohibited/restricted bootstrap lists). Observed count in Open Beauty Facts: 457.",,OBF prevalence permissible bootstrap,https://world.openbeautyfacts.org/facets/ingredients/extract,Not in current Annex II/III bootstrap set,2026-02-23,,2026.02.allowed.bootstrap.v1,2026-02-23,active
UK,all,,canonical_name,Extract,allowed,,,,"Permissible watchlist ingredient bootstrap (high prevalence, not in loaded prohibited/restricted bootstrap lists). Observed count in Open Beauty Facts: 457.",,OBF prevalence permissible bootstrap,https://world.openbeautyfacts.org/facets/ingredients/extract,Not in current Annex II/III bootstrap set,2026-02-23,,2026.02.allowed.bootstrap.v1,2026-02-23,active
EU,all,,canonical_name,Caprylic,allowed,,,,"Permissible watchlist ingredient bootstrap (high prevalence, not in loaded prohibited/restricted bootstrap lists). Observed count in Open Beauty Facts: 454.",,OBF prevalence permissible bootstrap,https://world.openbeautyfacts.org/facets/ingredients/caprylic,Not in current Annex II/III bootstrap set,2026-02-23,,2026.02.allowed.bootstrap.v1,2026-02-23,active
UK,all,,canonical_name,Caprylic,allowed,,,,"Permissible watchlist ingredient bootstrap (high prevalence, not in loaded prohibited/restricted bootstrap lists). Observed count in Open Beauty Facts: 454.",,OBF prevalence permissible bootstrap,https://world.openbeautyfacts.org/facets/ingredients/caprylic,Not in current Annex II/III bootstrap set,2026-02-23,,2026.02.allowed.bootstrap.v1,2026-02-23,active
EU,all,,canonical_name,Dairy,allowed,,,,"Permissible watchlist ingredient bootstrap (high prevalence, not in loaded prohibited/restricted bootstrap lists). Observed count in Open Beauty Facts: 454.",,OBF prevalence permissible bootstrap,https://world.openbeautyfacts.org/facets/ingredients/dairy,Not in current Annex II/III bootstrap set,2026-02-23,,2026.02.allowed.bootstrap.v1,2026-02-23,active
UK,all,,canonical_name,Dairy,allowed,,,,"Permissible watchlist ingredient bootstrap (high prevalence, not in loaded prohibited/restricted bootstrap lists). Observed count in Open Beauty Facts: 454.",,OBF prevalence permissible bootstrap,https://world.openbeautyfacts.org/facets/ingredients/dairy,Not in current Annex II/III bootstrap set,2026-02-23,,2026.02.allowed.bootstrap.v1,2026-02-23,active
EU,all,,canonical_name,CI 42090,allowed,,,,"Permissible watchlist ingredient bootstrap (high prevalence, not in loaded prohibited/restricted bootstrap lists). Observed count in Open Beauty Facts: 449.",,OBF prevalence permissible bootstrap,https://world.openbeautyfacts.org/facets/ingredients/ci-42090,Not in current Annex II/III bootstrap set,2026-02-23,,2026.02.allowed.bootstrap.v1,2026-02-23,active
UK,all,,canonical_name,CI 42090,allowed,,,,"Permissible watchlist ingredient bootstrap (high prevalence, not in loaded prohibited/restricted bootstrap lists). Observed count in Open Beauty Facts: 449.",,OBF prevalence permissible bootstrap,https://world.openbeautyfacts.org/facets/ingredients/ci-42090,Not in current Annex II/III bootstrap set,2026-02-23,,2026.02.allowed.bootstrap.v1,2026-02-23,active
EU,all,,canonical_name,ZINC,allowed,,,,"Permissible watchlist ingredient bootstrap (high prevalence, not in loaded prohibited/restricted bootstrap lists). Observed count in Open Beauty Facts: 446.",,OBF prevalence permissible bootstrap,https://world.openbeautyfacts.org/facets/ingredients/zinc,Not in current Annex II/III bootstrap set,2026-02-23,,2026.02.allowed.bootstrap.v1,2026-02-23,active
UK,all,,canonical_name,ZINC,allowed,,,,"Permissible watchlist ingredient bootstrap (high prevalence, not in loaded prohibited/restricted bootstrap lists). Observed count in Open Beauty Facts: 446.",,OBF prevalence permissible bootstrap,https://world.openbeautyfacts.org/facets/ingredients/zinc,Not in current Annex II/III bootstrap set,2026-02-23,,2026.02.allowed.bootstrap.v1,2026-02-23,active
EU,all,,canonical_name,Natural extracts,allowed,,,,"Permissible watchlist ingredient bootstrap (high prevalence, not in loaded prohibited/restricted bootstrap lists). Observed count in Open Beauty Facts: 438.",,OBF prevalence permissible bootstrap,https://world.openbeautyfacts.org/facets/ingredients/natural-extracts,Not in current Annex II/III bootstrap set,2026-02-23,,2026.02.allowed.bootstrap.v1,2026-02-23,active
UK,all,,canonical_name,Natural extracts,allowed,,,,"Permissible watchlist ingredient bootstrap (high prevalence, not in loaded prohibited/restricted bootstrap lists). Observed count in Open Beauty Facts: 438.",,OBF prevalence permissible bootstrap,https://world.openbeautyfacts.org/facets/ingredients/natural-extracts,Not in current Annex II/III bootstrap set,2026-02-23,,2026.02.allowed.bootstrap.v1,2026-02-23,active
EU,all,,canonical_name,ALPHA-ISOMETHYL IONONE,allowed,,,,"Permissible watchlist ingredient bootstrap (high prevalence, not in loaded prohibited/restricted bootstrap lists). Observed count in Open Beauty Facts: 424.",,OBF prevalence permissible bootstrap,https://world.openbeautyfacts.org/facets/ingredients/alpha-isomethyl-ionone,Not in current Annex II/III bootstrap set,2026-02-23,,2026.02.allowed.bootstrap.v1,2026-02-23,active
UK,all,,canonical_name,ALPHA-ISOMETHYL IONONE,allowed,,,,"Permissible watchlist ingredient bootstrap (high prevalence, not in loaded prohibited/restricted bootstrap lists). Observed count in Open Beauty Facts: 424.",,OBF prevalence permissible bootstrap,https://world.openbeautyfacts.org/facets/ingredients/alpha-isomethyl-ionone,Not in current Annex II/III bootstrap set,2026-02-23,,2026.02.allowed.bootstrap.v1,2026-02-23,active
EU,all,,canonical_name,Fluoride,allowed,,,,"Permissible watchlist ingredient bootstrap (high prevalence, not in loaded prohibited/restricted bootstrap lists). Observed count in Open Beauty Facts: 424.",,OBF prevalence permissible bootstrap,https://world.openbeautyfacts.org/facets/ingredients/fluoride,Not in current Annex II/III bootstrap set,2026-02-23,,2026.02.allowed.bootstrap.v1,2026-02-23,active
UK,all,,canonical_name,Fluoride,allowed,,,,"Permissible watchlist ingredient bootstrap (high prevalence, not in loaded prohibited/restricted bootstrap lists). Observed count in Open Beauty Facts: 424.",,OBF prevalence permissible bootstrap,https://world.openbeautyfacts.org/facets/ingredients/fluoride,Not in current Annex II/III bootstrap set,2026-02-23,,2026.02.allowed.bootstrap.v1,2026-02-23,active
EU,all,,canonical_name,Capric-triglyceride,allowed,,,,"Permissible watchlist ingredient bootstrap (high prevalence, not in loaded prohibited/restricted bootstrap lists). Observed count in Open Beauty Facts: 422.",,OBF prevalence permissible bootstrap,https://world.openbeautyfacts.org/facets/ingredients/capric-triglyceride,Not in current Annex II/III bootstrap set,2026-02-23,,2026.02.allowed.bootstrap.v1,2026-02-23,active
UK,all,,canonical_name,Capric-triglyceride,allowed,,,,"Permissible watchlist ingredient bootstrap (high prevalence, not in loaded prohibited/restricted bootstrap lists). Observed count in Open Beauty Facts: 422.",,OBF prevalence permissible bootstrap,https://world.openbeautyfacts.org/facets/ingredients/capric-triglyceride,Not in current Annex II/III bootstrap set,2026-02-23,,2026.02.allowed.bootstrap.v1,2026-02-23,active
EU,all,,canonical_name,CITRAL,allowed,,,,"Permissible watchlist ingredient bootstrap (high prevalence, not in loaded prohibited/restricted bootstrap lists). Observed count in Open Beauty Facts: 419.",,OBF prevalence permissible bootstrap,https://world.openbeautyfacts.org/facets/ingredients/citral,Not in current Annex II/III bootstrap set,2026-02-23,,2026.02.allowed.bootstrap.v1,2026-02-23,active
UK,all,,canonical_name,CITRAL,allowed,,,,"Permissible watchlist ingredient bootstrap (high prevalence, not in loaded prohibited/restricted bootstrap lists). Observed count in Open Beauty Facts: 419.",,OBF prevalence permissible bootstrap,https://world.openbeautyfacts.org/facets/ingredients/citral,Not in current Annex II/III bootstrap set,2026-02-23,,2026.02.allowed.bootstrap.v1,2026-02-23,active
EU,all,,canonical_name,VEGETABLE OIL,allowed,,,,"Permissible watchlist ingredient bootstrap (high prevalence, not in loaded prohibited/restricted bootstrap lists). Observed count in Open Beauty Facts: 417.",,OBF prevalence permissible bootstrap,https://world.openbeautyfacts.org/facets/ingredients/vegetable-oil,Not in current Annex II/III bootstrap set,2026-02-23,,2026.02.allowed.bootstrap.v1,2026-02-23,active
UK,all,,canonical_name,VEGETABLE OIL,allowed,,,,"Permissible watchlist ingredient bootstrap (high prevalence, not in loaded prohibited/restricted bootstrap lists). Observed count in Open Beauty Facts: 417.",,OBF prevalence permissible bootstrap,https://world.openbeautyfacts.org/facets/ingredients/vegetable-oil,Not in current Annex II/III bootstrap set,2026-02-23,,2026.02.allowed.bootstrap.v1,2026-02-23,active
EU,all,,canonical_name,GUAR HYDROXYPROPYLTRIMONIUM CHLORIDE,allowed,,,,"Permissible watchlist ingredient bootstrap (high prevalence, not in loaded prohibited/restricted bootstrap lists). Observed count in Open Beauty Facts: 413.",,OBF prevalence permissible bootstrap,https://world.openbeautyfacts.org/facets/ingredients/guar-hydroxypropyltrimonium-chloride,Not in current Annex II/III bootstrap set,2026-02-23,,2026.02.allowed.bootstrap.v1,2026-02-23,active
UK,all,,canonical_name,GUAR HYDROXYPROPYLTRIMONIUM CHLORIDE,allowed,,,,"Permissible watchlist ingredient bootstrap (high prevalence, not in loaded prohibited/restricted bootstrap lists). Observed count in Open Beauty Facts: 413.",,OBF prevalence permissible bootstrap,https://world.openbeautyfacts.org/facets/ingredients/guar-hydroxypropyltrimonium-chloride,Not in current Annex II/III bootstrap set,2026-02-23,,2026.02.allowed.bootstrap.v1,2026-02-23,active
EU,all,,canonical_name,Aloe-vera,allowed,,,,"Permissible watchlist ingredient bootstrap (high prevalence, not in loaded prohibited/restricted bootstrap lists). Observed count in Open Beauty Facts: 379.",,OBF prevalence permissible bootstrap,https://world.openbeautyfacts.org/facets/ingredients/aloe-vera,Not in current Annex II/III bootstrap set,2026-02-23,,2026.02.allowed.bootstrap.v1,2026-02-23,active
UK,all,,canonical_name,Aloe-vera,allowed,,,,"Permissible watchlist ingredient bootstrap (high prevalence, not in loaded prohibited/restricted bootstrap lists). Observed count in Open Beauty Facts: 379.",,OBF prevalence permissible bootstrap,https://world.openbeautyfacts.org/facets/ingredients/aloe-vera,Not in current Annex II/III bootstrap set,2026-02-23,,2026.02.allowed.bootstrap.v1,2026-02-23,active
EU,all,,canonical_name,Cocos-nucifera,allowed,,,,"Permissible watchlist ingredient bootstrap (high prevalence, not in loaded prohibited/restricted bootstrap lists). Observed count in Open Beauty Facts: 378.",,OBF prevalence permissible bootstrap,https://world.openbeautyfacts.org/facets/ingredients/cocos-nucifera,Not in current Annex II/III bootstrap set,2026-02-23,,2026.02.allowed.bootstrap.v1,2026-02-23,active
UK,all,,canonical_name,Cocos-nucifera,allowed,,,,"Permissible watchlist ingredient bootstrap (high prevalence, not in loaded prohibited/restricted bootstrap lists). Observed count in Open Beauty Facts: 378.",,OBF prevalence permissible bootstrap,https://world.openbeautyfacts.org/facets/ingredients/cocos-nucifera,Not in current Annex II/III bootstrap set,2026-02-23,,2026.02.allowed.bootstrap.v1,2026-02-23,active
EU,all,,canonical_name,STEARIC ACID,allowed,,,,"Permissible watchlist ingredient bootstrap (high prevalence, not in loaded prohibited/restricted bootstrap lists). Observed count in Open Beauty Facts: 370.",,OBF prevalence permissible bootstrap,https://world.openbeautyfacts.org/facets/ingredients/stearic-acid,Not in current Annex II/III bootstrap set,2026-02-23,,2026.02.allowed.bootstrap.v1,2026-02-23,active
UK,all,,canonical_name,STEARIC ACID,allowed,,,,"Permissible watchlist ingredient bootstrap (high prevalence, not in loaded prohibited/restricted bootstrap lists). Observed count in Open Beauty Facts: 370.",,OBF prevalence permissible bootstrap,https://world.openbeautyfacts.org/facets/ingredients/stearic-acid,Not in current Annex II/III bootstrap set,2026-02-23,,2026.02.allowed.bootstrap.v1,2026-02-23,active
EU,all,,canonical_name,Acrylates,allowed,,,,"Permissible watchlist ingredient bootstrap (high prevalence, not in loaded prohibited/restricted bootstrap lists). Observed count in Open Beauty Facts: 364.",,OBF prevalence permissible bootstrap,https://world.openbeautyfacts.org/facets/ingredients/acrylates,Not in current Annex II/III bootstrap set,2026-02-23,,2026.02.allowed.bootstrap.v1,2026-02-23,active
UK,all,,canonical_name,Acrylates,allowed,,,,"Permissible watchlist ingredient bootstrap (high prevalence, not in loaded prohibited/restricted bootstrap lists). Observed count in Open Beauty Facts: 364.",,OBF prevalence permissible bootstrap,https://world.openbeautyfacts.org/facets/ingredients/acrylates,Not in current Annex II/III bootstrap set,2026-02-23,,2026.02.allowed.bootstrap.v1,2026-02-23,active
EU,all,,canonical_name,Fruit-extract,allowed,,,,"Permissible watchlist ingredient bootstrap (high prevalence, not in loaded prohibited/restricted bootstrap lists). Observed count in Open Beauty Facts: 359.",,OBF prevalence permissible bootstrap,https://world.openbeautyfacts.org/facets/ingredients/fruit-extract,Not in current Annex II/III bootstrap set,2026-02-23,,2026.02.allowed.bootstrap.v1,2026-02-23,active
UK,all,,canonical_name,Fruit-extract,allowed,,,,"Permissible watchlist ingredient bootstrap (high prevalence, not in loaded prohibited/restricted bootstrap lists). Observed count in Open Beauty Facts: 359.",,OBF prevalence permissible bootstrap,https://world.openbeautyfacts.org/facets/ingredients/fruit-extract,Not in current Annex II/III bootstrap set,2026-02-23,,2026.02.allowed.bootstrap.v1,2026-02-23,active
EU,all,,canonical_name,SODIUM HYALURONATE,allowed,,,,"Permissible watchlist ingredient bootstrap (high prevalence, not in loaded prohibited/restricted bootstrap lists). Observed count in Open Beauty Facts: 355.",,OBF prevalence permissible bootstrap,https://world.openbeautyfacts.org/facets/ingredients/sodium-hyaluronate,Not in current Annex II/III bootstrap set,2026-02-23,,2026.02.allowed.bootstrap.v1,2026-02-23,active
UK,all,,canonical_name,SODIUM HYALURONATE,allowed,,,,"Permissible watchlist ingredient bootstrap (high prevalence, not in loaded prohibited/restricted bootstrap lists). Observed count in Open Beauty Facts: 355.",,OBF prevalence permissible bootstrap,https://world.openbeautyfacts.org/facets/ingredients/sodium-hyaluronate,Not in current Annex II/III bootstrap set,2026-02-23,,2026.02.allowed.bootstrap.v1,2026-02-23,active
EU,all,,canonical_name,PROPANEDIOL,allowed,,,,"Permissible watchlist ingredient bootstrap (high prevalence, not in loaded prohibited/restricted bootstrap lists). Observed count in Open Beauty Facts: 349.",,OBF prevalence permissible bootstrap,https://world.openbeautyfacts.org/facets/ingredients/propanediol,Not in current Annex II/III bootstrap set,2026-02-23,,2026.02.allowed.bootstrap.v1,2026-02-23,active
UK,all,,canonical_name,PROPANEDIOL,allowed,,,,"Permissible watchlist ingredient bootstrap (high prevalence, not in loaded prohibited/restricted bootstrap lists). Observed count in Open Beauty Facts: 349.",,OBF prevalence permissible bootstrap,https://world.openbeautyfacts.org/facets/ingredients/propanediol,Not in current Annex II/III bootstrap set,2026-02-23,,2026.02.allowed.bootstrap.v1,2026-02-23,active
EU,all,,canonical_name,PARAFFINUM LIQUIDUM,allowed,,,,"Permissible watchlist ingredient bootstrap (high prevalence, not in loaded prohibited/restricted bootstrap lists). Observed count in Open Beauty Facts: 346.",,OBF prevalence permissible bootstrap,https://world.openbeautyfacts.org/facets/ingredients/paraffinum-liquidum,Not in current Annex II/III bootstrap set,2026-02-23,,2026.02.allowed.bootstrap.v1,2026-02-23,active
UK,all,,canonical_name,PARAFFINUM LIQUIDUM,allowed,,,,"Permissible watchlist ingredient bootstrap (high prevalence, not in loaded prohibited/restricted bootstrap lists). Observed count in Open Beauty Facts: 346.",,OBF prevalence permissible bootstrap,https://world.openbeautyfacts.org/facets/ingredients/paraffinum-liquidum,Not in current Annex II/III bootstrap set,2026-02-23,,2026.02.allowed.bootstrap.v1,2026-02-23,active
EU,all,,canonical_name,No1,allowed,,,,"Permissible watchlist ingredient bootstrap (high prevalence, not in loaded prohibited/restricted bootstrap lists). Observed count in Open Beauty Facts: 342.",,OBF prevalence permissible bootstrap,https://world.openbeautyfacts.org/facets/ingredients/no1,Not in current Annex II/III bootstrap set,2026-02-23,,2026.02.allowed.bootstrap.v1,2026-02-23,active
UK,all,,canonical_name,No1,allowed,,,,"Permissible watchlist ingredient bootstrap (high prevalence, not in loaded prohibited/restricted bootstrap lists). Observed count in Open Beauty Facts: 342.",,OBF prevalence permissible bootstrap,https://world.openbeautyfacts.org/facets/ingredients/no1,Not in current Annex II/III bootstrap set,2026-02-23,,2026.02.allowed.bootstrap.v1,2026-02-23,active
EU,all,,canonical_name,E172ii,allowed,,,,"Permissible watchlist ingredient bootstrap (high prevalence, not in loaded prohibited/restricted bootstrap lists). Observed count in Open Beauty Facts: 338.",,OBF prevalence permissible bootstrap,https://world.openbeautyfacts.org/facets/ingredients/e172ii,Not in current Annex II/III bootstrap set,2026-02-23,,2026.02.allowed.bootstrap.v1,2026-02-23,active
UK,all,,canonical_name,E172ii,allowed,,,,"Permissible watchlist ingredient bootstrap (high prevalence, not in loaded prohibited/restricted bootstrap lists). Observed count in Open Beauty Facts: 338.",,OBF prevalence permissible bootstrap,https://world.openbeautyfacts.org/facets/ingredients/e172ii,Not in current Annex II/III bootstrap set,2026-02-23,,2026.02.allowed.bootstrap.v1,2026-02-23,active
EU,all,,canonical_name,STEARYL ALCOHOL,allowed,,,,"Permissible watchlist ingredient bootstrap (high prevalence, not in loaded prohibited/restricted bootstrap lists). Observed count in Open Beauty Facts: 330.",,OBF prevalence permissible bootstrap,https://world.openbeautyfacts.org/facets/ingredients/stearyl-alcohol,Not in current Annex II/III bootstrap set,2026-02-23,,2026.02.allowed.bootstrap.v1,2026-02-23,active
UK,all,,canonical_name,STEARYL ALCOHOL,allowed,,,,"Permissible watchlist ingredient bootstrap (high prevalence, not in loaded prohibited/restricted bootstrap lists). Observed count in Open Beauty Facts: 330.",,OBF prevalence permissible bootstrap,https://world.openbeautyfacts.org/facets/ingredients/stearyl-alcohol,Not in current Annex II/III bootstrap set,2026-02-23,,2026.02.allowed.bootstrap.v1,2026-02-23,active
EU,all,,canonical_name,METHYLISOTHIAZOLINONE,allowed,,,,"Permissible watchlist ingredient bootstrap (high prevalence, not in loaded prohibited/restricted bootstrap lists). Observed count in Open Beauty Facts: 327.",,OBF prevalence permissible bootstrap,https://world.openbeautyfacts.org/facets/ingredients/methylisothiazolinone,Not in current Annex II/III bootstrap set,2026-02-23,,2026.02.allowed.bootstrap.v1,2026-02-23,active
UK,all,,canonical_name,METHYLISOTHIAZOLINONE,allowed,,,,"Permissible watchlist ingredient bootstrap (high prevalence, not in loaded prohibited/restricted bootstrap lists). Observed count in Open Beauty Facts: 327.",,OBF prevalence permissible bootstrap,https://world.openbeautyfacts.org/facets/ingredients/methylisothiazolinone,Not in current Annex II/III bootstrap set,2026-02-23,,2026.02.allowed.bootstrap.v1,2026-02-23,active
EU,all,,canonical_name,Butyrospermum-parkii,allowed,,,,"Permissible watchlist ingredient bootstrap (high prevalence, not in loaded prohibited/restricted bootstrap lists). Observed count in Open Beauty Facts: 324.",,OBF prevalence permissible bootstrap,https://world.openbeautyfacts.org/facets/ingredients/butyrospermum-parkii,Not in current Annex II/III bootstrap set,2026-02-23,,2026.02.allowed.bootstrap.v1,2026-02-23,active
UK,all,,canonical_name,Butyrospermum-parkii,allowed,,,,"Permissible watchlist ingredient bootstrap (high prevalence, not in loaded prohibited/restricted bootstrap lists). Observed count in Open Beauty Facts: 324.",,OBF prevalence permissible bootstrap,https://world.openbeautyfacts.org/facets/ingredients/butyrospermum-parkii,Not in current Annex II/III bootstrap set,2026-02-23,,2026.02.allowed.bootstrap.v1,2026-02-23,active
EU,all,,canonical_name,Ingredient,allowed,,,,"Permissible watchlist ingredient bootstrap (high prevalence, not in loaded prohibited/restricted bootstrap lists). Observed count in Open Beauty Facts: 324.",,OBF prevalence permissible bootstrap,https://world.openbeautyfacts.org/facets/ingredients/ingredient,Not in current Annex II/III bootstrap set,2026-02-23,,2026.02.allowed.bootstrap.v1,2026-02-23,active
UK,all,,canonical_name,Ingredient,allowed,,,,"Permissible watchlist ingredient bootstrap (high prevalence, not in loaded prohibited/restricted bootstrap lists). Observed count in Open Beauty Facts: 324.",,OBF prevalence permissible bootstrap,https://world.openbeautyfacts.org/facets/ingredients/ingredient,Not in current Annex II/III bootstrap set,2026-02-23,,2026.02.allowed.bootstrap.v1,2026-02-23,active
EU,all,,canonical_name,HYDRATED SILICA,allowed,,,,"Permissible watchlist ingredient bootstrap (high prevalence, not in loaded prohibited/restricted bootstrap lists). Observed count in Open Beauty Facts: 320.",,OBF prevalence permissible bootstrap,https://world.openbeautyfacts.org/facets/ingredients/hydrated-silica,Not in current Annex II/III bootstrap set,2026-02-23,,2026.02.allowed.bootstrap.v1,2026-02-23,active
UK,all,,canonical_name,HYDRATED SILICA,allowed,,,,"Permissible watchlist ingredient bootstrap (high prevalence, not in loaded prohibited/restricted bootstrap lists). Observed count in Open Beauty Facts: 320.",,OBF prevalence permissible bootstrap,https://world.openbeautyfacts.org/facets/ingredients/hydrated-silica,Not in current Annex II/III bootstrap set,2026-02-23,,2026.02.allowed.bootstrap.v1,2026-02-23,active
EU,all,,canonical_name,BUTYROSPERMUM PARKII BUTTER,allowed,,,,"Permissible watchlist ingredient bootstrap (high prevalence, not in loaded prohibited/restricted bootstrap lists). Observed count in Open Beauty Facts: 319.",,OBF prevalence permissible bootstrap,https://world.openbeautyfacts.org/facets/ingredients/butyrospermum-parkii-butter,Not in current Annex II/III bootstrap set,2026-02-23,,2026.02.allowed.bootstrap.v1,2026-02-23,active
UK,all,,canonical_name,BUTYROSPERMUM PARKII BUTTER,allowed,,,,"Permissible watchlist ingredient bootstrap (high prevalence, not in loaded prohibited/restricted bootstrap lists). Observed count in Open Beauty Facts: 319.",,OBF prevalence permissible bootstrap,https://world.openbeautyfacts.org/facets/ingredients/butyrospermum-parkii-butter,Not in current Annex II/III bootstrap set,2026-02-23,,2026.02.allowed.bootstrap.v1,2026-02-23,active
EU,all,,canonical_name,Tetrasodium EDTA,allowed,,,,"Permissible watchlist ingredient bootstrap (high prevalence, not in loaded prohibited/restricted bootstrap lists). Observed count in Open Beauty Facts: 319.",,OBF prevalence permissible bootstrap,https://world.openbeautyfacts.org/facets/ingredients/tetrasodium-edta,Not in current Annex II/III bootstrap set,2026-02-23,,2026.02.allowed.bootstrap.v1,2026-02-23,active
UK,all,,canonical_name,Tetrasodium EDTA,allowed,,,,"Permissible watchlist ingredient bootstrap (high prevalence, not in loaded prohibited/restricted bootstrap lists). Observed count in Open Beauty Facts: 319.",,OBF prevalence permissible bootstrap,https://world.openbeautyfacts.org/facets/ingredients/tetrasodium-edta,Not in current Annex II/III bootstrap set,2026-02-23,,2026.02.allowed.bootstrap.v1,2026-02-23,active
EU,all,,canonical_name,Cereal,allowed,,,,"Permissible watchlist ingredient bootstrap (high prevalence, not in loaded prohibited/restricted bootstrap lists). Observed count in Open Beauty Facts: 317.",,OBF prevalence permissible bootstrap,https://world.openbeautyfacts.org/facets/ingredients/cereal,Not in current Annex II/III bootstrap set,2026-02-23,,2026.02.allowed.bootstrap.v1,2026-02-23,active
UK,all,,canonical_name,Cereal,allowed,,,,"Permissible watchlist ingredient bootstrap (high prevalence, not in loaded prohibited/restricted bootstrap lists). Observed count in Open Beauty Facts: 317.",,OBF prevalence permissible bootstrap,https://world.openbeautyfacts.org/facets/ingredients/cereal,Not in current Annex II/III bootstrap set,2026-02-23,,2026.02.allowed.bootstrap.v1,2026-02-23,active
EU,all,,canonical_name,Citrus-fruit,allowed,,,,"Permissible watchlist ingredient bootstrap (high prevalence, not in loaded prohibited/restricted bootstrap lists). Observed count in Open Beauty Facts: 312.",,OBF prevalence permissible bootstrap,https://world.openbeautyfacts.org/facets/ingredients/citrus-fruit,Not in current Annex II/III bootstrap set,2026-02-23,,2026.02.allowed.bootstrap.v1,2026-02-23,active
UK,all,,canonical_name,Citrus-fruit,allowed,,,,"Permissible watchlist ingredient bootstrap (high prevalence, not in loaded prohibited/restricted bootstrap lists). Observed count in Open Beauty Facts: 312.",,OBF prevalence permissible bootstrap,https://world.openbeautyfacts.org/facets/ingredients/citrus-fruit,Not in current Annex II/III bootstrap set,2026-02-23,,2026.02.allowed.bootstrap.v1,2026-02-23,active
EU,all,,canonical_name,ALLANTOIN,allowed,,,,"Permissible watchlist ingredient bootstrap (high prevalence, not in loaded prohibited/restricted bootstrap lists). Observed count in Open Beauty Facts: 307.",,OBF prevalence permissible bootstrap,https://world.openbeautyfacts.org/facets/ingredients/allantoin,Not in current Annex II/III bootstrap set,2026-02-23,,2026.02.allowed.bootstrap.v1,2026-02-23,active
UK,all,,canonical_name,ALLANTOIN,allowed,,,,"Permissible watchlist ingredient bootstrap (high prevalence, not in loaded prohibited/restricted bootstrap lists). Observed count in Open Beauty Facts: 307.",,OBF prevalence permissible bootstrap,https://world.openbeautyfacts.org/facets/ingredients/allantoin,Not in current Annex II/III bootstrap set,2026-02-23,,2026.02.allowed.bootstrap.v1,2026-02-23,active
EU,all,,canonical_name,MICA,allowed,,,,"Permissible watchlist ingredient bootstrap (high prevalence, not in loaded prohibited/restricted bootstrap lists). Observed count in Open Beauty Facts: 305.",,OBF prevalence permissible bootstrap,https://world.openbeautyfacts.org/facets/ingredients/mica,Not in current Annex II/III bootstrap set,2026-02-23,,2026.02.allowed.bootstrap.v1,2026-02-23,active
UK,all,,canonical_name,MICA,allowed,,,,"Permissible watchlist ingredient bootstrap (high prevalence, not in loaded prohibited/restricted bootstrap lists). Observed count in Open Beauty Facts: 305.",,OBF prevalence permissible bootstrap,https://world.openbeautyfacts.org/facets/ingredients/mica,Not in current Annex II/III bootstrap set,2026-02-23,,2026.02.allowed.bootstrap.v1,2026-02-23,active
EU,all,,canonical_name,TRIETHANOLAMINE,allowed,,,,"Permissible watchlist ingredient bootstrap (high prevalence, not in loaded prohibited/restricted bootstrap lists). Observed count in Open Beauty Facts: 305.",,OBF prevalence permissible bootstrap,https://world.openbeautyfacts.org/facets/ingredients/triethanolamine,Not in current Annex II/III bootstrap set,2026-02-23,,2026.02.allowed.bootstrap.v1,2026-02-23,active
UK,all,,canonical_name,TRIETHANOLAMINE,allowed,,,,"Permissible watchlist ingredient bootstrap (high prevalence, not in loaded prohibited/restricted bootstrap lists). Observed count in Open Beauty Facts: 305.",,OBF prevalence permissible bootstrap,https://world.openbeautyfacts.org/facets/ingredients/triethanolamine,Not in current Annex II/III bootstrap set,2026-02-23,,2026.02.allowed.bootstrap.v1,2026-02-23,active
EU,all,,canonical_name,AROMA,allowed,,,,"Permissible watchlist ingredient bootstrap (high prevalence, not in loaded prohibited/restricted bootstrap lists). Observed count in Open Beauty Facts: 302.",,OBF prevalence permissible bootstrap,https://world.openbeautyfacts.org/facets/ingredients/aroma,Not in current Annex II/III bootstrap set,2026-02-23,,2026.02.allowed.bootstrap.v1,2026-02-23,active
UK,all,,canonical_name,AROMA,allowed,,,,"Permissible watchlist ingredient bootstrap (high prevalence, not in loaded prohibited/restricted bootstrap lists). Observed count in Open Beauty Facts: 302.",,OBF prevalence permissible bootstrap,https://world.openbeautyfacts.org/facets/ingredients/aroma,Not in current Annex II/III bootstrap set,2026-02-23,,2026.02.allowed.bootstrap.v1,2026-02-23,active
EU,all,,canonical_name,METHYLCHLOROISOTHIAZOLINONE,allowed,,,,"Permissible watchlist ingredient bootstrap (high prevalence, not in loaded prohibited/restricted bootstrap lists). Observed count in Open Beauty Facts: 301.",,OBF prevalence permissible bootstrap,https://world.openbeautyfacts.org/facets/ingredients/methylchloroisothiazolinone,Not in current Annex II/III bootstrap set,2026-02-23,,2026.02.allowed.bootstrap.v1,2026-02-23,active
UK,all,,canonical_name,METHYLCHLOROISOTHIAZOLINONE,allowed,,,,"Permissible watchlist ingredient bootstrap (high prevalence, not in loaded prohibited/restricted bootstrap lists). Observed count in Open Beauty Facts: 301.",,OBF prevalence permissible bootstrap,https://world.openbeautyfacts.org/facets/ingredients/methylchloroisothiazolinone,Not in current Annex II/III bootstrap set,2026-02-23,,2026.02.allowed.bootstrap.v1,2026-02-23,active
EU,all,,canonical_name,ISOPROPYL PALMITATE,allowed,,,,"Permissible watchlist ingredient bootstrap (high prevalence, not in loaded prohibited/restricted bootstrap lists). Observed count in Open Beauty Facts: 300.",,OBF prevalence permissible bootstrap,https://world.openbeautyfacts.org/facets/ingredients/isopropyl-palmitate,Not in current Annex II/III bootstrap set,2026-02-23,,2026.02.allowed.bootstrap.v1,2026-02-23,active
UK,all,,canonical_name,ISOPROPYL PALMITATE,allowed,,,,"Permissible watchlist ingredient bootstrap (high prevalence, not in loaded prohibited/restricted bootstrap lists). Observed count in Open Beauty Facts: 300.",,OBF prevalence permissible bootstrap,https://world.openbeautyfacts.org/facets/ingredients/isopropyl-palmitate,Not in current Annex II/III bootstrap set,2026-02-23,,2026.02.allowed.bootstrap.v1,2026-02-23,active
EU,all,,canonical_name,SODIUM SACCHARIN,allowed,,,,"Permissible watchlist ingredient bootstrap (high prevalence, not in loaded prohibited/restricted bootstrap lists). Observed count in Open Beauty Facts: 294.",,OBF prevalence permissible bootstrap,https://world.openbeautyfacts.org/facets/ingredients/sodium-saccharin,Not in current Annex II/III bootstrap set,2026-02-23,,2026.02.allowed.bootstrap.v1,2026-02-23,active
UK,all,,canonical_name,SODIUM SACCHARIN,allowed,,,,"Permissible watchlist ingredient bootstrap (high prevalence, not in loaded prohibited/restricted bootstrap lists). Observed count in Open Beauty Facts: 294.",,OBF prevalence permissible bootstrap,https://world.openbeautyfacts.org/facets/ingredients/sodium-saccharin,Not in current Annex II/III bootstrap set,2026-02-23,,2026.02.allowed.bootstrap.v1,2026-02-23,active
EU,all,,canonical_name,ALCOHOL,allowed,,,,"Permissible watchlist ingredient bootstrap (high prevalence, not in loaded prohibited/restricted bootstrap lists). Observed count in Open Beauty Facts: 292.",,OBF prevalence permissible bootstrap,https://world.openbeautyfacts.org/facets/ingredients/alcohol,Not in current Annex II/III bootstrap set,2026-02-23,,2026.02.allowed.bootstrap.v1,2026-02-23,active
UK,all,,canonical_name,ALCOHOL,allowed,,,,"Permissible watchlist ingredient bootstrap (high prevalence, not in loaded prohibited/restricted bootstrap lists). Observed count in Open Beauty Facts: 292.",,OBF prevalence permissible bootstrap,https://world.openbeautyfacts.org/facets/ingredients/alcohol,Not in current Annex II/III bootstrap set,2026-02-23,,2026.02.allowed.bootstrap.v1,2026-02-23,active
EU,all,,canonical_name,HELIANTHUS ANNUUS,allowed,,,,"Permissible watchlist ingredient bootstrap (high prevalence, not in loaded prohibited/restricted bootstrap lists). Observed count in Open Beauty Facts: 286.",,OBF prevalence permissible bootstrap,https://world.openbeautyfacts.org/facets/ingredients/helianthus-annuus,Not in current Annex II/III bootstrap set,2026-02-23,,2026.02.allowed.bootstrap.v1,2026-02-23,active
UK,all,,canonical_name,HELIANTHUS ANNUUS,allowed,,,,"Permissible watchlist ingredient bootstrap (high prevalence, not in loaded prohibited/restricted bootstrap lists). Observed count in Open Beauty Facts: 286.",,OBF prevalence permissible bootstrap,https://world.openbeautyfacts.org/facets/ingredients/helianthus-annuus,Not in current Annex II/III bootstrap set,2026-02-23,,2026.02.allowed.bootstrap.v1,2026-02-23,active
EU,all,,canonical_name,SORBITOL,allowed,,,,"Permissible watchlist ingredient bootstrap (high prevalence, not in loaded prohibited/restricted bootstrap lists). Observed count in Open Beauty Facts: 285.",,OBF prevalence permissible bootstrap,https://world.openbeautyfacts.org/facets/ingredients/sorbitol,Not in current Annex II/III bootstrap set,2026-02-23,,2026.02.allowed.bootstrap.v1,2026-02-23,active
UK,all,,canonical_name,SORBITOL,allowed,,,,"Permissible watchlist ingredient bootstrap (high prevalence, not in loaded prohibited/restricted bootstrap lists). Observed count in Open Beauty Facts: 285.",,OBF prevalence permissible bootstrap,https://world.openbeautyfacts.org/facets/ingredients/sorbitol,Not in current Annex II/III bootstrap set,2026-02-23,,2026.02.allowed.bootstrap.v1,2026-02-23,active
EU,all,,canonical_name,C12-15 ALKYL BENZOATE,allowed,,,,"Permissible watchlist ingredient bootstrap (high prevalence, not in loaded prohibited/restricted bootstrap lists). Observed count in Open Beauty Facts: 275.",,OBF prevalence permissible bootstrap,https://world.openbeautyfacts.org/facets/ingredients/c12-15-alkyl-benzoate,Not in current Annex II/III bootstrap set,2026-02-23,,2026.02.allowed.bootstrap.v1,2026-02-23,active
UK,all,,canonical_name,C12-15 ALKYL BENZOATE,allowed,,,,"Permissible watchlist ingredient bootstrap (high prevalence, not in loaded prohibited/restricted bootstrap lists). Observed count in Open Beauty Facts: 275.",,OBF prevalence permissible bootstrap,https://world.openbeautyfacts.org/facets/ingredients/c12-15-alkyl-benzoate,Not in current Annex II/III bootstrap set,2026-02-23,,2026.02.allowed.bootstrap.v1,2026-02-23,active
EU,all,,canonical_name,SALICYLIC ACID,allowed,,,,"Permissible watchlist ingredient bootstrap (high prevalence, not in loaded prohibited/restricted bootstrap lists). Observed count in Open Beauty Facts: 275.",,OBF prevalence permissible bootstrap,https://world.openbeautyfacts.org/facets/ingredients/salicylic-acid,Not in current Annex II/III bootstrap set,2026-02-23,,2026.02.allowed.bootstrap.v1,2026-02-23,active
UK,all,,canonical_name,SALICYLIC ACID,allowed,,,,"Permissible watchlist ingredient bootstrap (high prevalence, not in loaded prohibited/restricted bootstrap lists). Observed count in Open Beauty Facts: 275.",,OBF prevalence permissible bootstrap,https://world.openbeautyfacts.org/facets/ingredients/salicylic-acid,Not in current Annex II/III bootstrap set,2026-02-23,,2026.02.allowed.bootstrap.v1,2026-02-23,active
EU,all,,canonical_name,COCAMIDE MEA,allowed,,,,"Permissible watchlist ingredient bootstrap (high prevalence, not in loaded prohibited/restricted bootstrap lists). Observed count in Open Beauty Facts: 271.",,OBF prevalence permissible bootstrap,https://world.openbeautyfacts.org/facets/ingredients/cocamide-mea,Not in current Annex II/III bootstrap set,2026-02-23,,2026.02.allowed.bootstrap.v1,2026-02-23,active
UK,all,,canonical_name,COCAMIDE MEA,allowed,,,,"Permissible watchlist ingredient bootstrap (high prevalence, not in loaded prohibited/restricted bootstrap lists). Observed count in Open Beauty Facts: 271.",,OBF prevalence permissible bootstrap,https://world.openbeautyfacts.org/facets/ingredients/cocamide-mea,Not in current Annex II/III bootstrap set,2026-02-23,,2026.02.allowed.bootstrap.v1,2026-02-23,active
EU,all,,canonical_name,EDTA,allowed,,,,"Permissible watchlist ingredient bootstrap (high prevalence, not in loaded prohibited/restricted bootstrap lists). Observed count in Open Beauty Facts: 270.",,OBF prevalence permissible bootstrap,https://world.openbeautyfacts.org/facets/ingredients/edta,Not in current Annex II/III bootstrap set,2026-02-23,,2026.02.allowed.bootstrap.v1,2026-02-23,active
UK,all,,canonical_name,EDTA,allowed,,,,"Permissible watchlist ingredient bootstrap (high prevalence, not in loaded prohibited/restricted bootstrap lists). Observed count in Open Beauty Facts: 270.",,OBF prevalence permissible bootstrap,https://world.openbeautyfacts.org/facets/ingredients/edta,Not in current Annex II/III bootstrap set,2026-02-23,,2026.02.allowed.bootstrap.v1,2026-02-23,active
EU,all,,canonical_name,Polyquaternium,allowed,,,,"Permissible watchlist ingredient bootstrap (high prevalence, not in loaded prohibited/restricted bootstrap lists). Observed count in Open Beauty Facts: 268.",,OBF prevalence permissible bootstrap,https://world.openbeautyfacts.org/facets/ingredients/polyquaternium,Not in current Annex II/III bootstrap set,2026-02-23,,2026.02.allowed.bootstrap.v1,2026-02-23,active
UK,all,,canonical_name,Polyquaternium,allowed,,,,"Permissible watchlist ingredient bootstrap (high prevalence, not in loaded prohibited/restricted bootstrap lists). Observed count in Open Beauty Facts: 268.",,OBF prevalence permissible bootstrap,https://world.openbeautyfacts.org/facets/ingredients/polyquaternium,Not in current Annex II/III bootstrap set,2026-02-23,,2026.02.allowed.bootstrap.v1,2026-02-23,active
EU,all,,canonical_name,CI 77491,allowed,,,,"Permissible watchlist ingredient bootstrap (high prevalence, not in loaded prohibited/restricted bootstrap lists). Observed count in Open Beauty Facts: 264.",,OBF prevalence permissible bootstrap,https://world.openbeautyfacts.org/facets/ingredients/ci-77491,Not in current Annex II/III bootstrap set,2026-02-23,,2026.02.allowed.bootstrap.v1,2026-02-23,active
UK,all,,canonical_name,CI 77491,allowed,,,,"Permissible watchlist ingredient bootstrap (high prevalence, not in loaded prohibited/restricted bootstrap lists). Observed count in Open Beauty Facts: 264.",,OBF prevalence permissible bootstrap,https://world.openbeautyfacts.org/facets/ingredients/ci-77491,Not in current Annex II/III bootstrap set,2026-02-23,,2026.02.allowed.bootstrap.v1,2026-02-23,active
EU,all,,canonical_name,GLYCERYL OLEATE,allowed,,,,"Permissible watchlist ingredient bootstrap (high prevalence, not in loaded prohibited/restricted bootstrap lists). Observed count in Open Beauty Facts: 263.",,OBF prevalence permissible bootstrap,https://world.openbeautyfacts.org/facets/ingredients/glyceryl-oleate,Not in current Annex II/III bootstrap set,2026-02-23,,2026.02.allowed.bootstrap.v1,2026-02-23,active
UK,all,,canonical_name,GLYCERYL OLEATE,allowed,,,,"Permissible watchlist ingredient bootstrap (high prevalence, not in loaded prohibited/restricted bootstrap lists). Observed count in Open Beauty Facts: 263.",,OBF prevalence permissible bootstrap,https://world.openbeautyfacts.org/facets/ingredients/glyceryl-oleate,Not in current Annex II/III bootstrap set,2026-02-23,,2026.02.allowed.bootstrap.v1,2026-02-23,active
EU,all,,canonical_name,Vegetal oils,allowed,,,,"Permissible watchlist ingredient bootstrap (high prevalence, not in loaded prohibited/restricted bootstrap lists). Observed count in Open Beauty Facts: 262.",,OBF prevalence permissible bootstrap,https://world.openbeautyfacts.org/facets/ingredients/vegetal-oils,Not in current Annex II/III bootstrap set,2026-02-23,,2026.02.allowed.bootstrap.v1,2026-02-23,active
UK,all,,canonical_name,Vegetal oils,allowed,,,,"Permissible watchlist ingredient bootstrap (high prevalence, not in loaded prohibited/restricted bootstrap lists). Observed count in Open Beauty Facts: 262.",,OBF prevalence permissible bootstrap,https://world.openbeautyfacts.org/facets/ingredients/vegetal-oils,Not in current Annex II/III bootstrap set,2026-02-23,,2026.02.allowed.bootstrap.v1,2026-02-23,active
EU,all,,canonical_name,Niacinamide,allowed,,,,"Permissible watchlist ingredient bootstrap (high prevalence, not in loaded prohibited/restricted bootstrap lists). Observed count in Open Beauty Facts: 0.",,OBF prevalence permissible bootstrap,https://world.openbeautyfacts.org/ingredients,Not in current Annex II/III bootstrap set,2026-02-23,,2026.02.allowed.bootstrap.v1,2026-02-23,active
UK,all,,canonical_name,Niacinamide,allowed,,,,"Permissible watchlist ingredient bootstrap (high prevalence, not in loaded prohibited/restricted bootstrap lists). Observed count in Open Beauty Facts: 0.",,OBF prevalence permissible bootstrap,https://world.openbeautyfacts.org/ingredients,Not in current Annex II/III bootstrap set,2026-02-23,,2026.02.allowed.bootstrap.v1,2026-02-23,active
EU,all,,canonical_name,Glycolic Acid,allowed,,,,"Permissible watchlist ingredient bootstrap (high prevalence, not in loaded prohibited/restricted bootstrap lists). Observed count in Open Beauty Facts: 0.",,OBF prevalence permissible bootstrap,https://world.openbeautyfacts.org/ingredients,Not in current Annex II/III bootstrap set,2026-02-23,,2026.02.allowed.bootstrap.v1,2026-02-23,active
UK,all,,canonical_name,Glycolic Acid,allowed,,,,"Permissible watchlist ingredient bootstrap (high prevalence, not in loaded prohibited/restricted bootstrap lists). Observed count in Open Beauty Facts: 0.",,OBF prevalence permissible bootstrap,https://world.openbeautyfacts.org/ingredients,Not in current Annex II/III bootstrap set,2026-02-23,,2026.02.allowed.bootstrap.v1,2026-02-23,active
EU,all,,canonical_name,Retinol,allowed,,,,"Permissible watchlist ingredient bootstrap (high prevalence, not in loaded prohibited/restricted bootstrap lists). Observed count in Open Beauty Facts: 0.",,OBF prevalence permissible bootstrap,https://world.openbeautyfacts.org/ingredients,Not in current Annex II/III bootstrap set,2026-02-23,,2026.02.allowed.bootstrap.v1,2026-02-23,active
UK,all,,canonical_name,Retinol,allowed,,,,"Permissible watchlist ingredient bootstrap (high prevalence, not in loaded prohibited/restricted bootstrap lists). Observed count in Open Beauty Facts: 0.",,OBF prevalence permissible bootstrap,https://world.openbeautyfacts.org/ingredients,Not in current Annex II/III bootstrap set,2026-02-23,,2026.02.allowed.bootstrap.v1,2026-02-23,active
EU,all,,canonical_name,Phytonadione,allowed,,,,"Permissible watchlist ingredient bootstrap (high prevalence, not in loaded prohibited/restricted bootstrap lists). Observed count in Open Beauty Facts: 0.",,OBF prevalence permissible bootstrap,https://world.openbeautyfacts.org/ingredients,Not in current Annex II/III bootstrap set,2026-02-23,,2026.02.allowed.bootstrap.v1,2026-02-23,active
UK,all,,canonical_name,Phytonadione,allowed,,,,"Permissible watchlist ingredient bootstrap (high prevalence, not in loaded prohibited/restricted bootstrap lists). Observed count in Open Beauty Facts: 0.",,OBF prevalence permissible bootstrap,https://world.openbeautyfacts.org/ingredients,Not in current Annex II/III bootstrap set,2026-02-23,,2026.02.allowed.bootstrap.v1,2026-02-23,active
EU,all,,canonical_name,Ceramides,allowed,,,,"Permissible watchlist ingredient bootstrap (high prevalence, not in loaded prohibited/restricted bootstrap lists). Observed count in Open Beauty Facts: 0.",,OBF prevalence permissible bootstrap,https://world.openbeautyfacts.org/ingredients,Not in current Annex II/III bootstrap set,2026-02-23,,2026.02.allowed.bootstrap.v1,2026-02-23,active
UK,all,,canonical_name,Ceramides,allowed,,,,"Permissible watchlist ingredient bootstrap (high prevalence, not in loaded prohibited/restricted bootstrap lists). Observed count in Open Beauty Facts: 0.",,OBF prevalence permissible bootstrap,https://world.openbeautyfacts.org/ingredients,Not in current Annex II/III bootstrap set,2026-02-23,,2026.02.allowed.bootstrap.v1,2026-02-23,active
EU,all,,canonical_name,Arnica Oil,allowed,,,,"Permissible watchlist ingredient bootstrap (high prevalence, not in loaded prohibited/restricted bootstrap lists). Observed count in Open Beauty Facts: 0.",,OBF prevalence permissible bootstrap,https://world.openbeautyfacts.org/ingredients,Not in current Annex II/III bootstrap set,2026-02-23,,2026.02.allowed.bootstrap.v1,2026-02-23,active
UK,all,,canonical_name,Arnica Oil,allowed,,,,"Permissible watchlist ingredient bootstrap (high prevalence, not in loaded prohibited/restricted bootstrap lists). Observed count in Open Beauty Facts: 0.",,OBF prevalence permissible bootstrap,https://world.openbeautyfacts.org/ingredients,Not in current Annex II/III bootstrap set,2026-02-23,,2026.02.allowed.bootstrap.v1,2026-02-23,active
